pdf_page,subject,label,url
1,Cover,,https://www.instagram.com/nakshatra_nsut?utm_source=ig_web_button_share_sheet&igsh=ZDNlZDc0MzIxNw==
1,Cover,,https://chat.whatsapp.com/GBDS62xu9Wr8dSDQ3fUVrt
1,Cover,,https://www.linkedin.com/company/nakshatra-nsut/
2,Welcome/Intro,JOIN OUR WHATSAPP COMMUNITY,https://chat.whatsapp.com/GfowbaKbq5w2fbW4GydU0W
3,Welcome/Intro,GYANSUTRA WhatsApp Community Link,https://chat.whatsapp.com/CKEsP97dbIC3yHfEFZSRTK
6,Mathematics-1,FCMT0101_Mathematics-1,https://drive.google.com/file/d/10IGreIikJN9xhj94zr5pAylosYsIrkqB/view?usp=drive_link
6,Mathematics-1,Jaggi Mathur,https://drive.google.com/drive/folders/1U3TB21-RLg1epnVz4EGgp_1IMR1e-K9n?usp=drive_link
6,Mathematics-1,Hyperbolic Functions,https://drive.google.com/file/d/1zeRskRn4fNSn6EFUbLgTW9HeGnOT0Ikk/view?usp=sharing
6,Mathematics-1,Unit-1,https://www.youtube.com/playlist?list=PL-sTRBTHk0h6dlYqqWOVZ0e_xHJ4p4VP4
6,Mathematics-1,Successive Differentiation,https://drive.google.com/file/d/1QhfYSA2pA4cEjrJuiBvVnBLngxBjTRg3/view?usp=drive_link
6,Mathematics-1,Unit-2,https://www.youtube.com/playlist?list=PLPLmXWcXdkUNhar6b8VghfGAcA4cem7zO
6,Mathematics-1,Application of Integrals,https://drive.google.com/file/d/1BLSsyoX_NDN1i6E4NwJ9-LvWbWsgQnad/view?usp=drive_link
6,Mathematics-1,Integration formulas,https://drive.google.com/file/d/1gJz92XHqXWydwzzsbRU8h5yoqlpAwnhQ/view?usp=drive_link
6,Mathematics-1,Gamma and Beta functions,https://drive.google.com/file/d/1d42fl8lxRgLBQw0Hl_Yw8JSfHEartfgW/view?usp=drive_link
6,Mathematics-1,Unit-3,https://www.youtube.com/playlist?list=PL-sTRBTHk0h6NKNqvhbXjbnovo6Ap7xly
6,Mathematics-1,Multiple Integrals,https://drive.google.com/file/d/1TOW4ktR1W5g0bKMoWSX9E2PQCuzt3h1_/view?usp=drive_link
6,Mathematics-1,Unit-4,https://www.youtube.com/playlist?list=PL-sTRBTHk0h5Jy-zIKQLSET6X3RUk5Yyk
6,Mathematics-1,Infinite Series,https://drive.google.com/file/d/1iWe74cPbQCy1ezvPtR-tglrWqwmOsmIv/view?usp=drive_link
6,Mathematics-1,Maclaurin's and Taylor's Theorem,https://drive.google.com/file/d/13flYmdErTVcgo-HO27lSp7ZOYVIx024d/view?usp=drive_link
6,Mathematics-1,Unit-5,https://www.youtube.com/playlist?list=PLU6SqdYcYsfJx0FZBQHO3oc3h9-pPh4k1
6,Mathematics-1,Complete short notes,https://drive.google.com/file/d/11WOz5bFaNNUq0LwKJeXaN-By6CWItSke/view?usp=drive_link
6,Mathematics-1,"Limit, Continuity, IVT, Differentiability, Hyperbolic functions",https://drive.google.com/file/d/16SwrhfYOBplvv90SvtBtF-P_48s_2Ldb/view?usp=drive_link
6,Mathematics-1,Tut-1 (Solutions),https://drive.google.com/file/d/1dKXKG2kLsLkC-n_PjWRR2XagpEH6_ldA/view?usp=drive_link
6,Mathematics-1,"Successive differentiation, Leibniz's Theorem, Taylor's and",https://drive.google.com/file/d/1b2V1Xn27cctPzG1UO2FSWv-tWG3BefPs/view?usp=drive_link
6,Mathematics-1,Maclaurin series,https://drive.google.com/file/d/1b2V1Xn27cctPzG1UO2FSWv-tWG3BefPs/view?usp=drive_link
6,Mathematics-1,Tut-2 (Solutions),https://drive.google.com/file/d/1BDXkelIUfN9VYS6lHgUEsdy3ZVkxCrA6/view?usp=drive_link
6,Mathematics-1,"Partial derivatives, Euler’s Theorem, Change of variable,",https://drive.google.com/file/d/1ny0C9cWHxi1oImtxaHtDc9YMnpi-GA8j/view?usp=drive_link
6,Mathematics-1,Taylor’s Theorem.,https://drive.google.com/file/d/1ny0C9cWHxi1oImtxaHtDc9YMnpi-GA8j/view?usp=drive_link
6,Mathematics-1,Tut-3 (Solutions),https://drive.google.com/file/d/1PLlOHuek2uu3C1e76mcyrS6jXGwSQFaq/view?usp=drive_link
6,Mathematics-1,Maxima and minima for functions of two or more variables,https://drive.google.com/file/d/1HkngqaXzIjtoptNQma0MTGMssHviHFwo/view?usp=sharing
6,Mathematics-1,"Double and Triple integral, change of variable and its",https://drive.google.com/file/d/1mcNyblBbWP9qls37HeTC1oPBFT2sowmX/view?usp=drive_link
6,Mathematics-1,"application, Beta and Gamma function",https://drive.google.com/file/d/1mcNyblBbWP9qls37HeTC1oPBFT2sowmX/view?usp=drive_link
6,Mathematics-1,Endsem PYQ's,https://drive.google.com/drive/folders/1PWJNkcSyXdtqpNkLCCu6QqKbdmAeZNmW?usp=sharing
6,Mathematics-1,Midsem PYQ's,https://drive.google.com/drive/folders/1iDLhofNcK0wwRau7hIeMcwXT7-lsUi3k?usp=sharing
7,English,English syllabus,https://drive.google.com/file/d/1R6cK-1caiwO7hV6Ajm5I-pSxZfihHcov/view?usp=sharing
7,English,Norman Lewis,https://drive.google.com/file/d/1NL4FKJ5ekmu9MKvMz6GYylrFd50waWud/view?usp=sharing
7,English,Technical Communication,https://drive.google.com/file/d/1FqjRct8JgwIdT_x6VTTwr0Uo8xBMqO0E/view?usp=sharing
7,English,Notes 1,https://drive.google.com/drive/folders/1O0JCq6T-lFSSIqZd5n8v-LUP66HTNktg?usp=drive_link
7,English,Notes 2(preferred),https://drive.google.com/drive/folders/1ciL3qRr_b9tUvjfZQup279UDMSXc27F3?usp=drive_link
7,English,File,https://drive.google.com/file/d/1rASaHE18BC_lFaYCu8KvubNK6Uz2g9rw/view?usp=drive_link
7,English,Endsem PYQ's,https://drive.google.com/drive/folders/1EdZPLW7rg0CY9zcInbBtTGK1pq_T9IzV?usp=sharing
7,English,Midsem PYQ's,https://drive.google.com/drive/folders/1p9a31s7pGNFY1ZPwIti5OtTa6d2exHab?usp=sharing
8,Environmental Science & Green Chemistry,Syllabus,https://drive.google.com/file/d/1lkjOeCWnmo-jQGHZ1U5DBoBtpaIgdefS/view?usp=sharing
8,Environmental Science & Green Chemistry,Watch,https://www.youtube.com/playlist?list=PL_eZMT4WwTElJ7PQe4JFq1HXo6ohrtVry
8,Environmental Science & Green Chemistry,Introduction,https://drive.google.com/drive/folders/1DemuRdr9pTXFDiYWj0_Kj3sFOAODwkHq?usp=drive_link
8,Environmental Science & Green Chemistry,Watch,https://www.youtube.com/playlist?list=PLx570L2_MXXKWH8YczsUDrchch0d6RHZC
8,Environmental Science & Green Chemistry,Water Chemistry,https://drive.google.com/file/d/1N-iC2DH1gXHy_b3_-g8VLK_tTGw8KAGf/view?usp=drive_link
8,Environmental Science & Green Chemistry,Watch,https://www.youtube.com/playlist?list=PL_eZMT4WwTEln3BnpcmYFaRfJDMm_XDo_
8,Environmental Science & Green Chemistry,Green Chemistry,https://drive.google.com/file/d/1Ms4AgdADbEnPD_q4tVrXLwn-GKbtgD3k/view?usp=drive_link
8,Environmental Science & Green Chemistry,Watch,https://www.youtube.com/playlist?list=PL_eZMT4WwTElUqTksVeTYt7IWH84JHOYY
8,Environmental Science & Green Chemistry,Green Fuel,https://drive.google.com/file/d/1MVXvDnoWmG_wG1ho195pJcJkM2GYNjSn/view?usp=drive_link
8,Environmental Science & Green Chemistry,Bio-Polymers,https://drive.google.com/file/d/1MZEBt9ovQi2QGRQLJLJmJYCMWMtezDju/view?usp=drive_link
8,Environmental Science & Green Chemistry,Watch,https://www.youtube.com/playlist?list=PL_eZMT4WwTEn7uyMsY8Qlxf_ryS53G1t_
8,Environmental Science & Green Chemistry,Chromatography,https://drive.google.com/file/d/1N5MG__uk-UQS-xWvHzhooqUjBjKp6zEu/view?usp=drive_link
8,Environmental Science & Green Chemistry,Methods of Analysis,https://drive.google.com/file/d/1NR6GQMvgoR7zb-8vRuzR4xmatsMCplgZ/view?usp=drive_link
8,Environmental Science & Green Chemistry,Handwritten Notes,https://drive.google.com/drive/folders/1Iak-PxFROO3Gpmhl_AqkfUUza3tRGbMd?usp=drive_link
8,Environmental Science & Green Chemistry,QB-1,https://drive.google.com/file/d/1MUwCO7gYBsZ11S1qU70y5yjf0_1bxsCW/view?usp=drive_link
8,Environmental Science & Green Chemistry,QB-2,https://drive.google.com/file/d/1MSQIoozuBBxUvakCv12GyBWpMx66BUHh/view?usp=drive_link
8,Environmental Science & Green Chemistry,Numericals for practice,https://drive.google.com/file/d/1MwY6cchkgKcqdUIH7x2H_zEewJ6tyljE/view?usp=drive_link
8,Environmental Science & Green Chemistry,Practical file,https://drive.google.com/file/d/1MfXG4XjF-_X08ea4rNIpSey0DC5JXyDX/view?usp=drive_link
8,Environmental Science & Green Chemistry,Endsem PYQ's,https://drive.google.com/drive/folders/10KhC9Ff5ogEBb8JROTlBu3Tp3KfR9UmS?usp=sharing
8,Environmental Science & Green Chemistry,Midsem PYQ's,https://drive.google.com/drive/folders/1s3BwHmktE4CNqwJrps5lfN_BpcwfwU86?usp=sharing
9,Basics of Mechanical Engineer ing,Syllabus,https://drive.google.com/file/d/1yvpg3fzgYBjdVmEgYCM8Le_wc7W0Yu-O/view?usp=drive_link
9,Basics of Mechanical Engineer ing,R.K. Bansal,https://drive.google.com/file/d/1blc-9OtEfWa-o41KFhYs6pd_PRWm-ZsK/view?usp=sharing
9,Basics of Mechanical Engineer ing,Unit-1,https://drive.google.com/file/d/1NsoudORDd47QguETAijTsfAAfMUkWKQQ/view?usp=drive_link
9,Basics of Mechanical Engineer ing,Unit-1 (1-53),https://www.youtube.com/playlist?list=PLQ-c2FqxIC70SFAQGbcHHP0TdNp2YlYqH
9,Basics of Mechanical Engineer ing,Truss Analysis,https://www.youtube.com/playlist?list=PLDN15nk5uLiBwwGZKmNzKJIRh4E0G9cfx
9,Basics of Mechanical Engineer ing,Unit-2,https://drive.google.com/file/d/1GnOs-gj-9l3lYDFbQVF6LvZOqbUr8uxW/view?usp=drive_link
9,Basics of Mechanical Engineer ing,Unit-2 (1-63),https://www.youtube.com/playlist?list=PL9RcWoqXmzaLlfmNg2Ku1SdZtvXnYrLbc
9,Basics of Mechanical Engineer ing,SFD & BMD,https://www.youtube.com/playlist?list=PLDN15nk5uLiBRHW2Y3mqr_KC0hqUQXu2D
9,Basics of Mechanical Engineer ing,Unit-3,https://drive.google.com/file/d/1ToVOk-YRRPIac_BQrdNvof9aJgKAUke8/view?usp=drive_link
9,Basics of Mechanical Engineer ing,Unit-3,https://youtube.com/playlist?list=PLhSp9OSVmeyLsaRM5I5j6krW8zQ35DwIA&si=6ElBhxX_7xIGKvOX
9,Basics of Mechanical Engineer ing,Unit-4,https://drive.google.com/drive/folders/1DtLYo45JvbTnLogW9tcuL0Fs3Kw3UODh?usp=drive_link
9,Basics of Mechanical Engineer ing,Unit-4,https://www.youtube.com/playlist?list=PLOvdac3YMBLGaJQNdopUzUAIjdVoeX_kF
9,Basics of Mechanical Engineer ing,Unit-5,https://drive.google.com/file/d/10l4QIUiVu3TaLpUPdBl-fn2J7xfix3X5/view?usp=drive_link
9,Basics of Mechanical Engineer ing,Unit-5,https://www.youtube.com/playlist?list=PL4K9r9dYCOoonBWlSq0cuO9J3gAdC-KNn
9,Basics of Mechanical Engineer ing,Endsem PYQ's,https://drive.google.com/drive/folders/1FaD0zNuBNLtuLdHIYH7XY2HB9Up792Av?usp=drive_link
9,Basics of Mechanical Engineer ing,Midsem PYQ's,https://drive.google.com/drive/folders/1YOCKpNfBBoXDauWZWFiFvvbDZcCljNfI?usp=sharing
10,Basics of Civil Engineering,Syllabus,https://drive.google.com/file/d/1nzscWEhroR-hASZGrC5fZ6fJI41LkTi7/view?usp=sharing
10,Basics of Civil Engineering,Notes(preferred),https://drive.google.com/drive/folders/1fqfZ0CuUQh3E4YlaDd7K1UnNECGi27cR?usp=sharing
10,Basics of Civil Engineering,CTs,https://drive.google.com/drive/folders/1-_lfJI-Kc5XuvpsiOoHyH7keVbogCo_c?usp=sharing
10,Basics of Civil Engineering,Intro to Civil Engineering & Civil Engineering Materials,https://drive.google.com/drive/folders/1h9EXdQLFH4ugN7ahDkOB-IvS96H2H33j?usp=sharing
10,Basics of Civil Engineering,Building Construction and Building Services,https://drive.google.com/drive/folders/1gzFGmmTUyk5cmZ14OdAV_8lgmmKCda5m?usp=sharing
10,Basics of Civil Engineering,Introduction to Surveying And Levelling,https://drive.google.com/drive/folders/1gqrcYbA6hQpcw-oi27L4oFN9RA0P02a0?usp=sharing
10,Basics of Civil Engineering,Basics of Soil Mechanics and Pavement Engineering,https://drive.google.com/drive/folders/1gpIiS-VB0hVtf34LDhsEuuVhkeseuBDG?usp=sharing
10,Basics of Civil Engineering,Advancements in Civil Engineering,https://drive.google.com/drive/folders/1gkt3DAFcqkv4cluY1mG5jjMqj6z9kOL_?usp=sharing
10,Basics of Civil Engineering,Intro to Civil Engineering & Civil Engineering Materials,https://docs.google.com/presentation/d/1yhr1_FNBQb4aP2ktYwqeCYvMS9uDnyMJ/edit?usp=drive_link&ouid=114347310509330026772&rtpof=true&sd=true
10,Basics of Civil Engineering,Building Construction and Building Services,https://docs.google.com/presentation/d/13o4Z0FtRtA_oWtEypbPhHKdY2B1yuNw4/edit?usp=drive_link&ouid=114347310509330026772&rtpof=true&sd=true
10,Basics of Civil Engineering,Introduction to Surveying And Levelling,https://docs.google.com/presentation/d/1EZsOq0Gj8ulydURV5LvW9e-Ap2ZCnPah/edit?usp=drive_link&ouid=114347310509330026772&rtpof=true&sd=true
10,Basics of Civil Engineering,Basics of Soil Mechanics and Pavement Engineering,https://docs.google.com/presentation/d/1VPrBi-Uedc5BeOwLLGYLy10HW8pBNy9x/edit?usp=drive_link&ouid=114347310509330026772&rtpof=true&sd=true
10,Basics of Civil Engineering,Advancements in Civil Engineering,https://docs.google.com/presentation/d/1yuP626N1e8jxRkRyyBBqhZlD3J9lp7Wy/edit?usp=drive_link&ouid=114347310509330026772&rtpof=true&sd=true
10,Basics of Civil Engineering,Green Building,https://drive.google.com/file/d/17IsWavtfOvdLCxFFFStrdk3jUrcxkuCt/view?usp=drive_link
10,Basics of Civil Engineering,Mass,https://drive.google.com/file/d/1tsrx-28Ru96ZkwbvjERFFV-zdcuJQZ0u/view?usp=drive_link
10,Basics of Civil Engineering,Transit​ System,https://drive.google.com/file/d/1tsrx-28Ru96ZkwbvjERFFV-zdcuJQZ0u/view?usp=drive_link
10,Basics of Civil Engineering,Complete Handwritten Notes,https://drive.google.com/drive/folders/1gbXeYEXH2GCzGnY-FcIMpqbvGpQOkwC6?usp=sharing
10,Basics of Civil Engineering,Numericals,https://drive.google.com/drive/folders/14jmtuJxHBtRCIB3csn_S1BBcUjSYCWGx?usp=sharing
10,Basics of Civil Engineering,Tutorials sheets,https://drive.google.com/drive/folders/1PCh2W9qSGV3gBNI0Ytol1KBgqXsR5bVF?usp=sharing
10,Basics of Civil Engineering,Important Topics,https://drive.google.com/drive/folders/1geURCEuESXkXgPv-GmvRhnN4Rr6zFiuo?usp=sharing
10,Basics of Civil Engineering,Endsems,https://drive.google.com/drive/folders/1SJrar7gUuXj4BtPc9XbBF7lqcT7dogDl?usp=drive_link
10,Basics of Civil Engineering,Midsems,https://drive.google.com/drive/folders/1Mvz6tieh43fo2FMP6DP196hmwnkDe2Na?usp=drive_link
11,Computer Programming,Syllabus,https://drive.google.com/file/d/1VdajrlATxgfC86qkwoyqkTj5JpsxcUrq/view?usp=drive_link
11,Computer Programming,Unit 1,https://youtube.com/playlist?list=PLPLmXWcXdkUPrYYRU64A9UdPNw61TbFtX&feature=shared
11,Computer Programming,Unit 1,https://drive.google.com/drive/folders/1XJ3DoeRpn510zN-uDX3bbyCZQ9pRdJxz?usp=sharing
11,Computer Programming,Unit 2,https://youtube.com/playlist?list=PLPLmXWcXdkUMJdtK66pOgo20n3unMtDnm&feature=shared
11,Computer Programming,Unit 2,https://drive.google.com/drive/folders/1JVkMqSci4K7f7CWceUaOHffOBe5oFgH6?usp=sharing
11,Computer Programming,Unit 3,https://youtube.com/playlist?list=PLPLmXWcXdkUMbbyXIlMfmVaJrpFcX6bYt&feature=shared
11,Computer Programming,Unit 3,https://drive.google.com/drive/folders/1bfh4GtguW2alMX6fE4jFGpjIrnnkqFHM?usp=sharing
11,Computer Programming,Unit 4,https://youtube.com/playlist?list=PLPLmXWcXdkUMxhe8vbbtjp0YtK5-OZW9D&feature=shared
11,Computer Programming,Unit 4,https://drive.google.com/drive/folders/1l32mpzK2YPA4zl7WJqNrRGW4V5qD6G6N?usp=sharing
11,Computer Programming,Matplotlib,https://youtu.be/OZOOLe2imFo?si=W6GyKCb_bWPoJcVo
11,Computer Programming,Flask-1,https://www.youtube.com/live/B4vA0_7ZrRk?si=Zo3zHAmrOIqjTTb0
11,Computer Programming,Flask-2,https://www.youtube.com/watch?v=oA8brF3w5XQ
11,Computer Programming,Unit 5,https://drive.google.com/drive/folders/1AbjB9XR6vqlVdMa1o_wNh_s-jvV545qt?usp=sharing
11,Computer Programming,Notes,https://drive.google.com/file/d/1pUnmFrt_WUcuEmCS8GJ8vsHaLEcMf-xu/view?usp=sharing
11,Computer Programming,Python Handbook,https://drive.google.com/file/d/1XbC06V8_-qKHubw0l_yIuIZwluT3uQsE/view?usp=drive_link
11,Computer Programming,OOPs Quick Guide,https://drive.google.com/file/d/1XihkgeBqfAb9-1R70Wseb3NyFENVYz2Q/view?usp=drive_link
11,Computer Programming,Cheatsheet,https://drive.google.com/file/d/1XeT7ZG7GzWhov6rWO149jvY21kaMs96b/view?usp=drive_link
11,Computer Programming,Assignments,https://drive.google.com/drive/folders/1daNpEdbUSPv00fCKo4VGv6CDArAVzRar?usp=sharing
11,Computer Programming,Solutions,https://drive.google.com/drive/folders/1-mlJ88P02RUnPgvFgHczCFdRyXvtYHcP?usp=sharing
11,Computer Programming,CP Practical File,https://drive.google.com/file/d/1Vad0lr7wvuAyZf379WBvgK-m3uJuP8-4/view?usp=drive_link
11,Computer Programming,Endsem PYQ's,https://drive.google.com/drive/folders/1R4NXI0an3p5KmJAjxrPRn3LDDajF7xuL?usp=sharing
11,Computer Programming,Midsem PYQ's,https://drive.google.com/drive/folders/1PbaZCxDbTwDZ_tana4L9E0SqR8bmTZsM?usp=sharing
12,Fundamental of Electrical Engineering,Syllabus-FCEE0106 (CS/IT),https://drive.google.com/file/d/1398fI8gMoXV_917L7mNuJ_llmesZCiUb/view?usp=sharing
12,Fundamental of Electrical Engineering,Syllabus-FC EEO/IC0 105,https://drive.google.com/file/d/14R9slKNRVG8F_MNiyxACu9yJk3JOJhqA/view?usp=drive_link
12,Fundamental of Electrical Engineering,Mc Graw Hill,https://drive.google.com/file/d/1aKpoe9ZOtqdb_TatKggoTM1O5SCC5b6_/view?usp=drive_link
12,Fundamental of Electrical Engineering,Measurements,https://drive.google.com/file/d/1yN6nGcYHx-IzgoErpYHjjy_K2R7mMk9Q/view?usp=sharing
12,Fundamental of Electrical Engineering,AC & DC Circuits,https://drive.google.com/file/d/1m4mmnHRdv2T-tVFD0G3MYoZ5bR8ihUpa/view?usp=sharing
12,Fundamental of Electrical Engineering,Transformer,https://drive.google.com/file/d/1FhtEUMuazkQ8eGNjpJbIXJM27R8g7M7o/view?usp=sharing
12,Fundamental of Electrical Engineering,Rotating Machines,https://drive.google.com/file/d/1_NRbp4A0uaY5L5QlVFIsDTTz9N_BrW0W/view?usp=sharing
12,Fundamental of Electrical Engineering,Power Systems,https://drive.google.com/file/d/10v0j40528YCU_39-m6tS6E5LKxe9jKuc/view?usp=sharing
12,Fundamental of Electrical Engineering,All Units,https://youtube.com/playlist?list=PL9RcWoqXmzaLTYUdnzKhF4bYug3GjGcEc&si=gCNG16x_HfgIJfKp
12,Fundamental of Electrical Engineering,Complete FEE,https://drive.google.com/file/d/1X_KK73wt_HhzNazHhVCi-mbFKWI3fU1r/view?usp=drive_link
12,Fundamental of Electrical Engineering,Unit 1-2,https://drive.google.com/drive/folders/1em7V8GRiWhCMdI61KQ6kSr7CPCjRMbYX?usp=sharing
12,Fundamental of Electrical Engineering,Unit 3-5,https://drive.google.com/drive/folders/1HqQASBs-5YvnZaUuOxNFsDgvvWxOTW_2?usp=sharing
12,Fundamental of Electrical Engineering,Practical File,https://drive.google.com/file/d/1-Oeq27UTP6nsXuSBUS7M88uA4QEvKhYs/view?usp=sharing
12,Fundamental of Electrical Engineering,Endsems PYQs,https://drive.google.com/drive/folders/1PIzv5q15WNPAlPTAP1JjKYKbPC1bypOC?usp=sharing
12,Fundamental of Electrical Engineering,Midsems PYQs,https://drive.google.com/drive/folders/1o8sDEZOuMdxGhzWW_a6NBY1d9dTvH7lQ?usp=sharing
13,Principles of Electrical Engineering,FC EE 0106,https://drive.google.com/file/d/1NvC71pTw-6Jnk8S5KAunZqQMqHilB9OS/view?usp=sharing
13,Principles of Electrical Engineering,EE EEC 201,https://drive.google.com/file/d/1X8r9XLwCGqhmCnySzIDjNYZt3EWAx2MT/view?usp=sharing
13,Principles of Electrical Engineering,Books,https://drive.google.com/drive/folders/1Bdm1BzhokNE3nxqC5au-DV0JZiqLEbLS?usp=sharing
13,Principles of Electrical Engineering,D.C. Circuits,https://drive.google.com/drive/folders/1Bas7UneVgaKQ1EZren27Dg5wdapVtTGm?usp=sharing
13,Principles of Electrical Engineering,AC Circuits,https://drive.google.com/drive/folders/1BYdv74h4vj_BTT7Z1PY6SyPkexGp_5Hw?usp=sharing
13,Principles of Electrical Engineering,Magnetic Circuits,https://drive.google.com/drive/folders/1CJVumjSRPddLFhFPLS0UR6_n2AvmPRV3?usp=sharing
13,Principles of Electrical Engineering,Signals,https://drive.google.com/drive/folders/1DUSpWv09rGw74TdH7WGysGvaosZE1mDI?usp=sharing
13,Principles of Electrical Engineering,Systems,https://drive.google.com/drive/folders/1BfpvfrPKrPyFNjzBiuwDXeshxL26fNVb?usp=sharing
13,Principles of Electrical Engineering,Complete Syllabus Notes,https://drive.google.com/drive/folders/1zgnenTmjCb8P1v05qqjCDzGy-zn8Szxg?usp=sharing
13,Principles of Electrical Engineering,PEE Practical File,https://drive.google.com/file/d/1Xu_EyUubdjFEUAOKM4jh0e2zKfldQFoB/view?usp=sharing
13,Principles of Electrical Engineering,"For Units 1, 2 and 3",https://youtu.be/Vd2UJiIPbag?si=5AE6CD6XvxcNtlV1
13,Principles of Electrical Engineering,For Units 4 and 5,https://youtu.be/ftKIWPBMWKs?si=08IojANZj-VLEUx_
13,Principles of Electrical Engineering,One Shots,https://www.youtube.com/playlist?list=PLzLiOUW8THW9D-4Ua0niLh4V5EfgSE1ch
13,Principles of Electrical Engineering,Endsems PYQs,https://drive.google.com/drive/folders/1lTn5ye9SMvQoKZ_6DmxpmZbbnDLsr4k1?usp=sharing
13,Principles of Electrical Engineering,Midsems PYQs,https://drive.google.com/drive/folders/1rSn_865-XueVgeIxCI1Av12-85tGit5g?usp=sharing
14,Quantum Physics,Syllabus_QM,https://drive.google.com/file/d/10T1BtS-MLgMBMrm7LdDGlNg3bnhmQ7ld/view?usp=drive_link
14,Quantum Physics,Unit-1,https://drive.google.com/drive/folders/1syMV8ltUGqjx83p6_TqN0RzoE049Mc3F?usp=drive_link
14,Quantum Physics,Handwritten Notes,https://drive.google.com/file/d/1V3bZX4fg5NkWxQucjP5I4ilnYHQrmjYL/view?usp=sharing
14,Quantum Physics,Unit-2,https://drive.google.com/drive/folders/1n4D2Ar6kGIBve4uVinWID3pKGXH-6mSd?usp=drive_link
14,Quantum Physics,Unit-3,https://drive.google.com/drive/folders/1pIu1WexRoHL7CrHwyDPv9Uhygs9ieupS?usp=drive_link
14,Quantum Physics,Unit-4,https://drive.google.com/drive/folders/1CHVH0J5IRvTuf3NNh1Qx_lUHW4VxBQLl?usp=drive_link
14,Quantum Physics,Unit-5,https://drive.google.com/drive/folders/1vtu4XtKVBHfVL5BUaeiTqaiVRTZxJmCD?usp=drive_link
14,Quantum Physics,Unit 1,https://drive.google.com/file/d/1sMll8T5sPWtVNorJLlus6PYrc3I-sD6L/view?usp=sharing
14,Quantum Physics,Unit 2,https://drive.google.com/file/d/19lVLJqeLagIB8-nEEfymiCl6rEUfNLKe/view?usp=sharing
14,Quantum Physics,Unit 3,https://drive.google.com/file/d/1lYQQ_7yTRIozaczZxYIk22WcgtxwVG_e/view?usp=sharing
14,Quantum Physics,Unit 4,https://drive.google.com/file/d/1uwux8bUw0_rqwVU_JmhsSOihWcwkGijw/view?usp=sharing
14,Quantum Physics,Unit 5,https://drive.google.com/file/d/1VvnTprz2BBq694wUVB24QIB9bwzf6QL7/view?usp=sharing
14,Quantum Physics,Part-1,https://drive.google.com/file/d/1GJZVVPdppmOYNlBYx5AeijXopomKppfK/view?usp=drive_link
14,Quantum Physics,Part-2,https://drive.google.com/file/d/1-gGE9N-gyeLrnVNwSsorDl2DqDpH194v/view?usp=drive_link
14,Quantum Physics,Unit 1,https://www.youtube.com/playlist?list=PLQzUXa8lZVq8MoyLXLDGhNsLnKyuvTazk
14,Quantum Physics,Unit 1 (5-10),https://www.youtube.com/playlist?list=PLRN3HroZGu2mCtdalEmZAM2nr1xBWAtUn
14,Quantum Physics,Unit 2 (2-15),https://www.youtube.com/playlist?list=PLQzUXa8lZVq8MoyLXLDGhNsLnKyuvTazk
14,Quantum Physics,Unit 3 (16-19),https://www.youtube.com/playlist?list=PLQzUXa8lZVq8MoyLXLDGhNsLnKyuvTazk
14,Quantum Physics,Unit 4 (20-22),https://www.youtube.com/playlist?list=PLQzUXa8lZVq8MoyLXLDGhNsLnKyuvTazk
14,Quantum Physics,Unit 5,https://www.youtube.com/playlist?list=PLDljpOBMA5mQTdbaRrtwF32xdjyhq2GB7
14,Quantum Physics,Endsems PYQs,https://drive.google.com/drive/folders/1vxDj7Fxtc-DwODJS9YjvaQGOddMawH5Z?usp=sharing
14,Quantum Physics,Midsems PYQs,https://drive.google.com/drive/folders/1d--CrQpGIZrnS8f68djo3hSqBMhLufgv?usp=sharing
15,"Oscillations, Waves, Optics",Syllabus FCPH003-3,https://drive.google.com/file/d/1HoaFUBrPhv2mojmdHicTXq8sh9u8uqnD/view?usp=sharing
15,"Oscillations, Waves, Optics",Syllabus FCPH0124,https://drive.google.com/file/d/1ODJsHdc0mEAQ5sYM2ySysmJpwxynlOB7/view?usp=sharing
15,"Oscillations, Waves, Optics",AK Jha,https://drive.google.com/file/d/18Kk9_PP6FUR87JqM5vYvbRoZl9gSzKoE/view?usp=drive_link
15,"Oscillations, Waves, Optics",H.K. Malik,https://drive.google.com/file/d/1jzOAg86FKSKTc7ko_h7th3QOYYGVOrsD/view?usp=sharing
15,"Oscillations, Waves, Optics",Introduction to Oscillations and waves,https://drive.google.com/file/d/1p2g8uS9CUzw8_KKvXqUDHhCzB3cx1W1G/view?usp=drive_link
15,"Oscillations, Waves, Optics",Wave motion,https://drive.google.com/file/d/1IpgVC3T58gI0LwZKOdcEkHYmqmsE71Vi/view?usp=drive_link
15,"Oscillations, Waves, Optics",Wave Optics,https://drive.google.com/drive/folders/1rCLkksSzweejReZbdTnetn0Ux58nDL_j?usp=drive_link
15,"Oscillations, Waves, Optics",Lasers,https://drive.google.com/drive/folders/1f79BbVafkPfPZtUhKEmGNW-QWwdrLmb_?usp=drive_link
15,"Oscillations, Waves, Optics",Fibre Optics,https://drive.google.com/file/d/1ql2iITkokG0GHIqrYfQvI-CuSu0CMP9A/view?usp=drive_link
15,"Oscillations, Waves, Optics",Unit 3,https://drive.google.com/file/d/1aXRrEpHVhSLKn_3jM3SQTMP-ocI4CBtJ/view?usp=sharing
15,"Oscillations, Waves, Optics",Unit 4,https://drive.google.com/file/d/1SNvOfz6Igcmu5ONu4xDj_TRrJY84-38s/view?usp=sharing
15,"Oscillations, Waves, Optics",Unit 5,https://drive.google.com/file/d/1TvYiTClcnERmrl0GD1B1w0VlY3tNrUBj/view?usp=sharing
15,"Oscillations, Waves, Optics",Unit 3 - Interference,https://www.youtube.com/playlist?list=PLq6b-r81cS_yAKZkGsUy3NAzjI7XXgDfc
15,"Oscillations, Waves, Optics",Unit 3 - Polarization,https://www.youtube.com/playlist?list=PLAPKGqvQGg6okIs6b6vC6vZsrWaWySKud
15,"Oscillations, Waves, Optics",Unit 4,https://www.youtube.com/playlist?list=PL5zwY2E7i60XzRPOrKzvSzjvxnyK6jQB3
15,"Oscillations, Waves, Optics",Unit 5,https://www.youtube.com/playlist?list=PL5zwY2E7i60WKxGzyMVr7U71VWuCAU5Jj
15,"Oscillations, Waves, Optics",Endsems PYQs,https://drive.google.com/drive/folders/17BkiZk6NeugydA4cfnOrQhfY-qrYl2WY?usp=sharing
15,"Oscillations, Waves, Optics",Midsems PYQs,https://drive.google.com/drive/folders/11NIEmktRumStY_OieXJVy7ijuotCl2qi?usp=sharing
16,Analog & Digital Electronics,Syllabus,https://drive.google.com/file/d/1arKZn9-kCcPKm0yGaSqoMOb4Bw9HDWyy/view?usp=drive_link
16,Analog & Digital Electronics,Syllabus,https://drive.google.com/file/d/1G_PRgSXI4BSxYJDoNYyp-7eQXrzw5ptm/view?usp=sharing
16,Analog & Digital Electronics,Sedra Smith,https://drive.google.com/file/d/1c3Chn0bb57uIYosmnNlSTRzbntr1cnoO/view?usp=drive_link
16,Analog & Digital Electronics,Boylestad,https://drive.google.com/file/d/1c5lFB5Ak-bi8iCQhokUZp-CnhMUgVY00/view?usp=drive_link
16,Analog & Digital Electronics,Balbir Kumar,https://drive.google.com/file/d/1c1g9jQGThiGUTeVfxrmNc3cfS8hLNoXp/view?usp=drive_link
16,Analog & Digital Electronics,Diode & Applications,https://drive.google.com/drive/folders/1XtHeZ_UDmCSvgaGWcxkUdfoVWSuvvRq6?usp=drive_link
16,Analog & Digital Electronics,BJT,https://drive.google.com/drive/folders/1Y9qASILmWWXBVo7CbnPiFm-AWHBN57G0?usp=drive_link
16,Analog & Digital Electronics,Op-Amp and Digital Circuits,https://drive.google.com/drive/folders/1YhlPZuT1QJeKmkh3nZpVuoCI_ApeQ2qd?usp=drive_link
16,Analog & Digital Electronics,Op-Amp (2),https://drive.google.com/file/d/1HM2p6TRqJCyw7zmQLEzq6NCTS8SboF3f/view?usp=sharing
16,Analog & Digital Electronics,Combinational Logic Circuit,https://drive.google.com/drive/folders/1YhM_IHNdta63IT3wo91Gmtj3r0KMxZoE?usp=drive_link
16,Analog & Digital Electronics,Combinational Logic Circuit,https://drive.google.com/drive/folders/1YkvvdLbYeA-OfLlbAVvjVmwVyxqtuD-q?usp=drive_link
16,Analog & Digital Electronics,Complete digital electronics,https://drive.google.com/file/d/1tAru7UN8SvgD4x9pH74-3_NXSK4FU32f/view?usp=sharing
16,Analog & Digital Electronics,Practical file,https://drive.google.com/file/d/1ZDXVN31ZCsUFT3PXkHFJukf-wTAqQ5Oc/view?usp=drive_link
16,Analog & Digital Electronics,Proff notes,https://drive.google.com/drive/folders/1DNUtrqeJfyH2LPTE2msrPgM5EQkYfquL?usp=sharing
16,Analog & Digital Electronics,One Shots,https://www.youtube.com/playlist?list=PLzLiOUW8THW-SpQJnyYjd7ot_81TrY2HT
16,Analog & Digital Electronics,For Units 1 and 2,https://www.youtube.com/playlist?list=PLBlnK6fEyqRiw-GZRqfnlVIBz9dxrqHJS
16,Analog & Digital Electronics,"For Units 3, 4 and 5",https://www.youtube.com/playlist?list=PLBlnK6fEyqRjMH3mWf6kwqiTbT798eAOm
16,Analog & Digital Electronics,Endsems PYQs,https://drive.google.com/drive/folders/1ZwmLVu5khWWOVHiTlIHEkj3Sxitw1H8t?usp=sharing
16,Analog & Digital Electronics,Midsems PYQs,https://drive.google.com/drive/folders/1H1u6AKuLSq6Cc8j5UUZ-xnIw_zqsRBtf?usp=sharing
16,Analog & Digital Electronics,Endsem PYQ's,https://drive.google.com/drive/folders/1CePfWAs4iGmbTiofEvVhQOj07uW9Vomz?usp=sharing
16,Analog & Digital Electronics,Midsem PYQ's,https://drive.google.com/drive/folders/1AznzJ-c_ajfusDULt53vLZI-QF2JMscC?usp=sharing
17,Electronic Devices & Circuits,Syllabus,https://drive.google.com/file/d/1Z1Lh4r4HvsG8IKBgT_HgLlDceUqKbBci/view?usp=drive_link
17,Electronic Devices & Circuits,Sedra S Smith,https://drive.google.com/file/d/1tcHC8ozTHaUn3grWGBF6D9xEmwMvQhiG/view?usp=drive_link
17,Electronic Devices & Circuits,Boylestad,https://drive.google.com/file/d/1hzqv7p3glhHhOYmZlBpElTXm4MULbaLm/view?usp=drive_link
17,Electronic Devices & Circuits,Semi-Conductors,https://drive.google.com/file/d/13p3eFKAEqET2TwivDQ4ZywVoRn04-dw5/view?usp=drive_link
17,Electronic Devices & Circuits,Diodes,https://drive.google.com/file/d/1p0y-J8mYBKRRcAUoFqrNZpd012vy4mac/view?usp=drive_link
17,Electronic Devices & Circuits,BJT,https://drive.google.com/file/d/1OgZeWWmDcUnB2EfjwAVyigMQdD6FeIBG/view?usp=drive_link
17,Electronic Devices & Circuits,Short Notes,https://drive.google.com/file/d/1bTMedbihE4SbOYb3r3HKYSqaqsT3BDM9/view?usp=sharing
17,Electronic Devices & Circuits,MOSFET,https://drive.google.com/file/d/1Osg76QYJ53pQntKHZn5KtWLQJ9zGlawB/view?usp=drive_link
17,Electronic Devices & Circuits,Op-Amp,https://drive.google.com/file/d/1hpOF14pJbBQpOp4jIzo0qEnnQi3VQhtG/view?usp=drive_link
17,Electronic Devices & Circuits,Short Notes,https://drive.google.com/file/d/1CXjSK5PKXM5QvinOmNX5SldfLKRF0Vdw/view?usp=sharing
17,Electronic Devices & Circuits,Complete Notes,https://drive.google.com/file/d/1oeMDKLUHnt842V1LMz-qSm6Y1av1TfZB/view?usp=drive_link
17,Electronic Devices & Circuits,Full course,https://www.youtube.com/playlist?list=PLgwJf8NK-2e5G05PTgyTTSVyzTOKRfmTn
17,Electronic Devices & Circuits,OP AMP,https://www.youtube.com/playlist?list=PLC-ELrh7vmfC-LUdGXLBo9a2idDcenHb-
17,Electronic Devices & Circuits,Practical file,https://drive.google.com/file/d/1WjlbSl3-cvO1O9AMuixEQ3EZKPe_rt8j/view?usp=drive_link
17,Electronic Devices & Circuits,Unit-1,https://youtube.com/playlist?list=PLPLmXWcXdkUMfU1LNzjn4-Dh3I-zD9DOj&feature=shared
17,Electronic Devices & Circuits,Unit-2,https://youtube.com/playlist?list=PLPLmXWcXdkUOJRfQWawWITPJEU7rS8cy6&feature=shared
17,Electronic Devices & Circuits,Unit-3,https://youtube.com/playlist?list=PLPLmXWcXdkUNRJYeeVxZCAAHpl1BR5ZIX&feature=shared
17,Electronic Devices & Circuits,Unit-4,https://youtube.com/playlist?list=PLPLmXWcXdkUPuVlVXDl1GukEu_wIihWWQ&feature=shared
17,Electronic Devices & Circuits,Unit-5,https://youtube.com/playlist?list=PLPLmXWcXdkUOB6rgUtwTpVDd4bG6k6kjU&feature=shared
17,Electronic Devices & Circuits,Endsems PYQs,https://drive.google.com/drive/folders/1mfh2KjHiqfDzW9H6xVuusjikyhZqjXyM?usp=sharing
17,Electronic Devices & Circuits,Midsems PYQs,https://drive.google.com/drive/folders/1mnz5PfoxMmha6_GejXVFWjzIslwE8kzF?usp=sharing
18,Interpre tation,Syllabus_PPPI,https://drive.google.com/file/d/15AW49NsgDU1HNTc_wBrGgapGPigXZfw6/view?usp=drive_link
18,Interpre tation,Paul R Wolf,https://drive.google.com/file/d/1rV9gUxdTZbU0rVQVPQOqP237hC2lezXQ/view?usp=drive_link
18,Interpre tation,Photogrammetry,https://drive.google.com/file/d/1aTTZKCHHYEl7iRE372karb8oU4QecRFq/view?usp=drive_link
18,Interpre tation,PPPI Self Notes,https://drive.google.com/file/d/1jle5YDILLYAtNZFV_bXxVpWtLfByVuFT/view?usp=drive_link
18,Interpre tation,Questions,https://drive.google.com/drive/folders/1nJWZngxcRtFX-JZQLXMsWsaIL3IeOzbK?usp=drive_link
18,Interpre tation,Answers,https://drive.google.com/drive/folders/19N3HtX1KRPDAocfunAcSMwp6DTkNGWzG?usp=drive_link
18,Interpre tation,Endsem PYQs,https://drive.google.com/drive/folders/1t3aGiSZO5qNBQlTo_lMAaE_GHKIT4yL6?usp=sharing
18,Interpre tation,Midsem PYQs,https://drive.google.com/drive/folders/1t5ng6Ws17cJjfQXlweS6IBgiMMzhZyj2?usp=sharing
19,Engineering Mechanics,Syllabus,https://drive.google.com/file/d/1rRbm1VyB2xkR1dJq0__FMdoda-oGfxyk/view?usp=drive_link
19,Engineering Mechanics,Irving H. Shames,https://drive.google.com/file/d/1-taJ_P0qp4jD54Bc029J1tDD5QnX6qdl/view?usp=drive_link
19,Engineering Mechanics,RS Khurmi,https://drive.google.com/file/d/1Vtidq-f-v8dm4AOOVoqPJlrPigjqcKSk/view?usp=drive_link
19,Engineering Mechanics,Endsem PYQs,https://drive.google.com/drive/folders/1scG2NuW4P7Bxh0Ch5nStXdX0vlm-GlR5?usp=sharing
19,Engineering Mechanics,Midsem PYQs,https://drive.google.com/drive/folders/1saQGzcaJm-R5saP3MSuKIaieX3QW0SYF?usp=sharing
20,Fundamentals of Remote Sensing,:Syllabus_FRS,https://drive.google.com/drive/folders/18TmPZbxQyFvU8ILm17Wo4u_pgw34M5iY?usp=drive_link
20,Fundamentals of Remote Sensing,Anji Reddy,https://drive.google.com/file/d/1txsTtIyHBN8Q8XRzrHHkmi_AwYk1lVT0/view?usp=drive_link
20,Fundamentals of Remote Sensing,Basedeb Bhatta,https://drive.google.com/file/d/11ktMdg6irDXaiqzJXFKHEBDI9u53oyMU/view?usp=drive_link
20,Fundamentals of Remote Sensing,Remote Sensing,https://drive.google.com/file/d/1gTk9LaTtrcHl8rjWxYyvVmpQSd4A6Iss/view?usp=drive_link
20,Fundamentals of Remote Sensing,Unit-4,https://drive.google.com/file/d/1C6bK9BuNuUotEkLTS1DoYExUBQZb-kqB/view?usp=drive_link
20,Fundamentals of Remote Sensing,Unit-5,https://drive.google.com/file/d/1dH61iOX_KUBLge2XK6fhQyAmPBpoEj6j/view?usp=drive_link
20,Fundamentals of Remote Sensing,All Units with Solutions,https://drive.google.com/drive/folders/1QTV_1gZx6gk6pQyOfEzPierZ-XuAAzo_?usp=sharing
20,Fundamentals of Remote Sensing,File,https://drive.google.com/file/d/1FyfW-aHdM2nx2p5Lp3WfGDONRCoyaiG0/view?usp=drive_link
20,Fundamentals of Remote Sensing,Experiment_photos,https://drive.google.com/drive/folders/1lSOjvQGIuP1xF-YcnkXV_5FSHSHbDvHX?usp=drive_link
20,Fundamentals of Remote Sensing,Endsem PYQs,https://drive.google.com/drive/folders/1tUrYVmOAYHC-ghLnCH3vVvNQQHVN2G8l?usp=sharing
20,Fundamentals of Remote Sensing,Midsem PYQs,https://drive.google.com/drive/folders/1t_KhCHkH2VHEslZgSsAFygQOniXWZvfD?usp=sharing
21,Mathematics-2,Syllabus,https://drive.google.com/file/d/1D6kaZtXTbAKQz7S-RlKKLA75taKa2NVj/view
21,Mathematics-2,Advance Jaggi Mathur,https://drive.google.com/file/d/1ONLb10hf9ZUGpOPTw7dxUR1skufk-gsb/view?usp=drive_link
21,Mathematics-2,MD Rai Singhania,https://drive.google.com/file/d/1URbwZXvmTUplilqn3KK99hjgmU3D8YZw/view?usp=drive_link
21,Mathematics-2,Endsem PYQs,https://drive.google.com/drive/folders/1nB2NsKGr_xk7vOm34c8vxDuDB8AslHpc?usp=sharing
21,Mathematics-2,Midsem PYQs,https://drive.google.com/drive/folders/1nDbEAmAw3EhU28sCkNrxunWpk09q4qaW?usp=sharing
21,Mathematics-2,Midsem Solutions,https://drive.google.com/drive/folders/1MmevMOwFZ45Nz88a5hFDjTta-6PFlDFc?usp=sharing
21,Mathematics-2,Differential Equation,https://youtube.com/playlist?list=PLhZ8YCwzpS2_wYUOHNrt0G4UGRODKOGwh&si=Lc8CWnHvI7WAc18W
21,Mathematics-2,Differential Equations,https://drive.google.com/drive/folders/1FKfjnWjDHHG_8HIYY7JNe5Ve-6WDvICU
21,Mathematics-2,Differential Equations,https://drive.google.com/file/d/17a4H0YRZr1iYgeHGSxD6dUEDQPre1PzZ/view?usp=sharing
21,Mathematics-2,Matrices,https://youtube.com/playlist?list=PLhZ8YCwzpS2_mG1va-OpZpSDfLeWkffsP&si=ijttG_6vHvcw_l8G
21,Mathematics-2,Matrices,https://drive.google.com/drive/folders/1FGBQn5RWHzO5G3sjV9zEotxuC_CilKkv
21,Mathematics-2,Matrices,https://drive.google.com/file/d/1MurM6qS_zPvAo_HJkT6rQ4eQQTc0eHr0/view?usp=sharing
21,Mathematics-2,Numerical Analysis,https://youtube.com/playlist?list=PLhZ8YCwzpS28nCrN7EjBTKPZprvuht6K-&si=e8GmUM3LXIowLCqs
21,Mathematics-2,Numerical Analysis,https://drive.google.com/drive/folders/1FFfqvYkdIeLQy3hIC00HNyt0ME0Lg5B1
21,Mathematics-2,Numerical Analysis,https://drive.google.com/file/d/1XU9u44Dc2ArTZ-GQ1cfj3_klhtiOSXxI/view?usp=sharing
21,Mathematics-2,Complex Numbers,https://youtube.com/playlist?list=PLhZ8YCwzpS2-zZKPTyJlXKWOBNMszMNrR&si=rJTLYHdLGztDRKXf
21,Mathematics-2,Complex Numbers,https://drive.google.com/drive/folders/1FuRBm-z5r6jFs7ZIrvvj0n2Wj3sko1On
21,Mathematics-2,Complex Numbers,https://drive.google.com/file/d/1JzweO7FxXhVQ_rVCjSBzBZlY2aR_YPvC/view?usp=sharing
21,Mathematics-2,Probability and,https://youtube.com/playlist?list=PLhZ8YCwzpS2-JsVq4DmDO346MLO0NEYI0&si=bsFWztcgckDduE7X
21,Mathematics-2,Statistics,https://youtube.com/playlist?list=PLhZ8YCwzpS2-JsVq4DmDO346MLO0NEYI0&si=bsFWztcgckDduE7X
21,Mathematics-2,Probability and,https://drive.google.com/drive/folders/1FtCp2T0zuzNfkZvmWuFG6m8h-cqsdaT_
21,Mathematics-2,Statistics,https://drive.google.com/drive/folders/1FtCp2T0zuzNfkZvmWuFG6m8h-cqsdaT_
21,Mathematics-2,Probability and,https://drive.google.com/file/d/1RI-g_UMSSQriReND76hfOALNbui1e2hw/view?usp=sharing
21,Mathematics-2,Statistics,https://drive.google.com/file/d/1RI-g_UMSSQriReND76hfOALNbui1e2hw/view?usp=sharing
21,Mathematics-2,Unit-1,https://drive.google.com/file/d/1V-ZHOilqPBNk4VdP7ex75w_iLIgrMqYg/view?usp=drive_link
21,Mathematics-2,Unit-2,https://drive.google.com/file/d/1V3uq-hPRstcfOnlLUxoGJa-MCG6a-UDB/view?usp=drive_link
21,Mathematics-2,Unit-3,https://drive.google.com/file/d/1VCIKIEsGZPSj7BX8NxpjvKsK6NYfccEd/view?usp=drive_link
21,Mathematics-2,Unit-4,https://drive.google.com/file/d/1V-HMPLTcgjxrx2AEbmwFBwiD-bKVQFri/view?usp=drive_link
21,Mathematics-2,Unit-5,https://drive.google.com/file/d/1Nqaf4cVyP1WJDwjqzn10R0r64Zw-zXie/view?usp=sharing
22,Data Structure & Algorithm,DSA Syllabus,https://drive.google.com/file/d/1X1jqYXOjOnMIkt7XrEKZfPYf5LEpOq6q/view?usp=drive_link
22,Data Structure & Algorithm,Intro to Data Structure,https://drive.google.com/drive/folders/1DlhiMXgWLzg80z0EsABS39SKZQ9qZGLD?usp=drive_link
22,Data Structure & Algorithm,Intro to Data Structure,https://youtube.com/playlist?list=PLPLmXWcXdkUMleZS9MsJ0VTe5nwM0B2JB&feature=shared
22,Data Structure & Algorithm,Linked Lists,https://docs.google.com/presentation/d/1eWbfYnQq-yn_J1UrZbUn9sqkiddSRzsz/edit?usp=drive_link&ouid=114347310509330026772&rtpof=true&sd=true
22,Data Structure & Algorithm,Linked Lists,https://youtube.com/playlist?list=PLPLmXWcXdkUM47yfykGFEa8h4mQFg99RN&feature=shared
22,Data Structure & Algorithm,Trees,https://docs.google.com/presentation/d/1gCJwlTL6PmZPAJjOUGK8pdVQHpCWF5ml/edit?usp=drive_link&ouid=114347310509330026772&rtpof=true&sd=true
22,Data Structure & Algorithm,Trees,https://youtube.com/playlist?list=PLPLmXWcXdkUMCjzZZTUBtvkVRHkA3uZJx&feature=shared
22,Data Structure & Algorithm,Graphs,https://docs.google.com/presentation/d/1QO2YFe2m6hHzGfccR7Qs5Pn5fDovvHA9/edit?usp=drive_link&ouid=114347310509330026772&rtpof=true&sd=true
22,Data Structure & Algorithm,Graphs,https://youtube.com/playlist?list=PLPLmXWcXdkUOZSQtrsjm2i4uOzadM6tEH&feature=shared
22,Data Structure & Algorithm,Searching & Sorting,https://docs.google.com/presentation/d/16krbwIcuHxK5Q0H59pYGZoY6fp3wytNk/edit?usp=drive_link&ouid=114347310509330026772&rtpof=true&sd=true
22,Data Structure & Algorithm,Searching & Sorting,https://youtube.com/playlist?list=PLPLmXWcXdkUPWOkJ9Xf1_CwmNEuLf7SU3&feature=shared
22,Data Structure & Algorithm,Complete Notes,https://drive.google.com/drive/folders/1Ut1Myk5Lcn3dq6-BjZkVG62Yph8A9HRn?usp=sharing
22,Data Structure & Algorithm,Notes-1,https://drive.google.com/file/d/1aCwUmf944ohNlxneDHI9CP6zc_rlqTMI/view?usp=drive_link
22,Data Structure & Algorithm,Notes-2,https://drive.google.com/file/d/1b8D2xLyKzRjdh_DzF5UTVGrYOuadJ03-/view?usp=drive_link
22,Data Structure & Algorithm,Algorithms (U1/U2),https://drive.google.com/file/d/1pQlfoGoH_MjEgcrMeABGkwO89Jha6WUr/view?usp=sharing
22,Data Structure & Algorithm,E. Horowitz and S. Sahan,https://drive.google.com/file/d/1MURriLAwmM7v2Z6GWNXlIg2iNT1AWP0b/view?usp=drive_link
22,Data Structure & Algorithm,Reema Thareja,https://drive.google.com/file/d/1vIVXB2GRLEVoa2smlz2LBgAcEr-fhz2_/view?usp=sharing
22,Data Structure & Algorithm,Endsem PYQs,https://drive.google.com/drive/folders/1nzeiTwMqo2kRW7w-jqqgAosLs9A_ccKJ?usp=sharing
22,Data Structure & Algorithm,Midsem PYQs,https://drive.google.com/drive/folders/1o1vrOQZlVLdtbT2ubFIjecbdEu2cb_Yz?usp=sharing
23,Discrete Structures,Syllabus - CS,https://drive.google.com/file/d/1adsYDdGGap__dkHOQri8v-gQRyZLiqUt/view?usp=drive_link
23,Discrete Structures,Syllabus - IT,https://drive.google.com/file/d/19f27FxRMuvYV6QgdjIAm8hMrX8D3MAbt/view?usp=sharing
23,Discrete Structures,Study Plan,https://drive.google.com/file/d/1rW8_mgicSIubsnTfzA0SdFBCUCOnZpP2/view
23,Discrete Structures,Complete Notes,https://drive.google.com/file/d/1J5up8Y-qH18g-z27LrXtsbJLexSLzVjy/view?usp=drive_link
23,Discrete Structures,Revision Notes,https://drive.google.com/file/d/1weAoiqWQXE8SEMC_HCRLJttRnIVPI_AG/view?usp=drive_link
23,Discrete Structures,Number Theory,https://drive.google.com/file/d/19s13Usp_HNI1ayJjlRiP_arc62AGTxSH/view
23,Discrete Structures,Unit-1,https://drive.google.com/file/d/1TxQiu5xR_-mczP6c31fZuCSDb82nXwOl/view?usp=sharing
23,Discrete Structures,Unit-2,https://drive.google.com/file/d/1PVCkPf6OAZm6uhqHrBMhAaCbcfeQot9b/view?usp=sharing
23,Discrete Structures,Unit-3,https://drive.google.com/file/d/1oB-py_Io8a_u7ONq3WJiVqklR7mKIUg2/view?usp=sharing
23,Discrete Structures,Unit-4,https://drive.google.com/file/d/1YIgmhVwET2Ze0xtd3k8AUsVeOvAHcsNv/view?usp=sharing
23,Discrete Structures,Unit-5,https://drive.google.com/file/d/1olzDPiRKFu5NH_BpM_VbgGxdkl42Hi_-/view?usp=sharing
23,Discrete Structures,Kenneth Rosen,https://drive.google.com/file/d/1OA1uBGq2Qz0_yW9N8jRJ1yxyHVWPm_tu/view?usp=sharing
23,Discrete Structures,Gajendra Purohit,https://www.youtube.com/watch?v=wGLTV8MgLlA&list=PLU6SqdYcYsfJ27O0dvuMwafS3X8CecqUg
23,Discrete Structures,Neso Academy,https://www.youtube.com/watch?v=p2b2Vb-cYCs&list=PLBlnK6fEyqRhqJPDXcvYlLfXPh37L89g3
23,Discrete Structures,Tutsheet-1,https://drive.google.com/file/d/1y7xl1GLRSGEzNwf8gFJ3l9_Jlpt-1Dfg/view?usp=drive_link
23,Discrete Structures,Tutsheet-2,https://drive.google.com/file/d/1_bC1cV00ogPEUYVlrGaOEMklaYCJPZdj/view?usp=drive_link
23,Discrete Structures,Tutsheet-3,https://drive.google.com/file/d/1pBcgQK_8Du2sUbZ8E1JnP9fH1YZv5BSb/view?usp=drive_link
23,Discrete Structures,Tutsheet-4,https://drive.google.com/file/d/1-q1raOhg9scmdeWkbovx7W352EsROLTj/view?usp=drive_link
23,Discrete Structures,Endsem PYQs,https://drive.google.com/drive/folders/1IqC1KIBhfWu4L1JxaJBIjx5hWf8DlQKy?usp=sharing
23,Discrete Structures,Midsem PYQs,https://drive.google.com/drive/folders/1pD4ddJVFI69AZOL1sXhb2qSEqqkw-Wo8?usp=sharing
24,Digital Logic Design,Syllabus,https://drive.google.com/file/d/1WPV7k_JnwJSzh5MQIXnsmHJSWB0oB2ly/view?usp=drive_link
24,Digital Logic Design,Complete Notes,https://drive.google.com/file/d/1Tw5oskX9TaN58ra_Xst9ytOq4ZJUHVjT/view?usp=drive_link
24,Digital Logic Design,Revision Notes,https://drive.google.com/file/d/15jo9pIvQPZBvmjHU44quWbGvYr0VPg3A/view?usp=drive_link
24,Digital Logic Design,Questions,https://drive.google.com/file/d/1dUTaAW8rBg0wbAnnBb9QGIpTvTGUg7C7/view?usp=drive_link
24,Digital Logic Design,Notes,https://drive.google.com/drive/folders/1Pd89aj6XumBu79HLH8DDrQYH2k3sb-T5?usp=sharing
24,Digital Logic Design,Neso Academy,https://www.youtube.com/watch?v=M0mx8S05v60&list=PL7XXZleXge9Ln2zPAVFiTrvuGpmNAsZpk
24,Digital Logic Design,Jain - Modern Digital Electronics,https://drive.google.com/file/d/1r4pi9ydUiZIWXTHoHXSDBaYTQAqClxX-/view?usp=sharing
24,Digital Logic Design,M. Morris Mano,https://drive.google.com/file/d/1oyIaz5MFD5bA-MSV9BwVIuVlyjfjSYwd/view?usp=sharing
24,Digital Logic Design,VHDL,https://drive.google.com/file/d/13xJkfIGjlIQ6WTAzNGjHXn0HCCDtQKJL/view?usp=drive_link
24,Digital Logic Design,PLD,https://drive.google.com/file/d/1UW3ms-C5jfBbaGf1BX4zcgOltjP0vP6x/view?usp=drive_link
24,Digital Logic Design,DAC,https://drive.google.com/file/d/1guGm3xEgYPE3bWybTfHEP-8GfWwZd1HC/view?usp=drive_link
24,Digital Logic Design,DCS lab file,https://drive.google.com/file/d/1tMqlqoworbgW8OfFQMwSnocg3wnNh4xc/view?usp=sharing
24,Digital Logic Design,VHDL file,https://drive.google.com/file/d/1SmW5SGmxM2ZyW74q9D7-5l2C1YK1m5-N/view?usp=sharing
24,Digital Logic Design,DSD manual,https://drive.google.com/file/d/1FepYY27O4trELfW7Ana8q61Cxr7Zoapt/view?usp=sharing
24,Digital Logic Design,Endsem PYQs,https://drive.google.com/drive/folders/1nB0lADxIxH_ccPJlcj6R2mvqJyYXxgAJ?usp=sharing
24,Digital Logic Design,Midsem PYQs,https://drive.google.com/drive/folders/1h-XSMwr124vg6-lsZ9Swz6w_FdvSZwNT?usp=sharing
25,Electrical Measurements,Units &,https://drive.google.com/drive/folders/1JnR9fRx8J6_vE0mqNuydZV4HxlxfpuS6?usp=sharing
25,Electrical Measurements,Measurement,https://drive.google.com/drive/folders/1JnR9fRx8J6_vE0mqNuydZV4HxlxfpuS6?usp=sharing
25,Electrical Measurements,Handwritten,https://drive.google.com/drive/folders/1nZ3Qba1azp3yOcl_qDxO7aQE1bUJHVMY?usp=drive_link
25,Electrical Measurements,notes,https://drive.google.com/drive/folders/1nZ3Qba1azp3yOcl_qDxO7aQE1bUJHVMY?usp=drive_link
25,Electrical Measurements,Numericals,https://drive.google.com/drive/folders/1_D7dTxNzv2w1z88WnTtGfInmSU4mWV9d?usp=sharing
25,Electrical Measurements,AC Bridges,https://drive.google.com/drive/folders/1HF-LB3N8D9x44FUhnZAv7oVq2JCnAWgv?usp=drive_link
25,Electrical Measurements,Handwritten,https://drive.google.com/drive/folders/18pin3NbG7LAy3sdcBaUxkXwt7KnYG-Qi?usp=sharing
25,Electrical Measurements,Notes,https://drive.google.com/drive/folders/18pin3NbG7LAy3sdcBaUxkXwt7KnYG-Qi?usp=sharing
25,Electrical Measurements,Numericals,https://drive.google.com/drive/folders/1jL0vqg2MVCm5oiXWJiN-A9EPjEE0C06s?usp=drive_link
25,Electrical Measurements,Potentiometer,https://drive.google.com/drive/folders/1LzVrHoMoo6nCC6LJtOsWq0PpNC_prZcv?usp=sharing
25,Electrical Measurements,Handwritten,https://drive.google.com/drive/folders/16_EGlOmI1nrVq2Wjirq4vrRd6vG9Cxsh?usp=sharing
25,Electrical Measurements,notes,https://drive.google.com/drive/folders/16_EGlOmI1nrVq2Wjirq4vrRd6vG9Cxsh?usp=sharing
25,Electrical Measurements,Numericals,https://drive.google.com/drive/folders/1n4fjwxK4USSDdRFyLCDCvGeySI_qGN1b?usp=sharing
25,Electrical Measurements,Measuring,https://drive.google.com/drive/folders/14M5158AYXJHuFLjpeDtrmoxOmEAAv0BX?usp=sharing
25,Electrical Measurements,Instruments,https://drive.google.com/drive/folders/14M5158AYXJHuFLjpeDtrmoxOmEAAv0BX?usp=sharing
25,Electrical Measurements,Handwritten,https://drive.google.com/drive/folders/15lpXfugMtvNsbwLGXAxv4IZDkNXewp52?usp=sharing
25,Electrical Measurements,Handw notes,https://drive.google.com/drive/folders/15lpXfugMtvNsbwLGXAxv4IZDkNXewp52?usp=sharing
25,Electrical Measurements,Numericals,https://drive.google.com/drive/folders/1xzxk0GFi5hiB6qoIHTWItEBZQfJOb2ok?usp=sharing
25,Electrical Measurements,Instrument,https://drive.google.com/drive/folders/10ept26d9kip5zIF6TOUJDCbS4uVDRZQ0?usp=sharing
25,Electrical Measurements,Transformers,https://drive.google.com/drive/folders/10ept26d9kip5zIF6TOUJDCbS4uVDRZQ0?usp=sharing
25,Electrical Measurements,Handwritten,https://drive.google.com/drive/folders/1aSQCxNYaucvOUR8N5exMhMssjNJ0wQnu?usp=sharing
25,Electrical Measurements,Notes,https://drive.google.com/drive/folders/1aSQCxNYaucvOUR8N5exMhMssjNJ0wQnu?usp=sharing
25,Electrical Measurements,Numericals,https://drive.google.com/drive/folders/1LfudA4l10cTQf1YJ5b5XaRx7PTM0h89E?usp=sharing
25,Electrical Measurements,Complete notes,https://drive.google.com/file/d/1coMq2iQ3rMRc-TuiCnokXKjsEY4BKtKY/view?usp=drive_link
25,Electrical Measurements,Practice sheet,https://drive.google.com/drive/folders/1zTo6G2cg0Pd7-ARujrTHpEEGwgDP0dG9?usp=sharing
25,Electrical Measurements,Syllabus-EE,https://drive.google.com/file/d/1LfiaBLpOvJ1W_CGR0HH3mzwNJskdFT9n/view?usp=drive_link
25,Electrical Measurements,Syllabus-ICE,https://drive.google.com/file/d/1_MYUZoQGk4OYcSfyy7TRO9Ob3p9mRhkz/view?usp=sharing
25,Electrical Measurements,AK Sawhney,https://drive.google.com/file/d/1K_wquHAMw6UgFEP4mi1YVGgnIvL5hqTE/view?usp=drive_link
25,Electrical Measurements,Playlist 1,https://www.youtube.com/playlist?list=PL_mruqjnuVd-DJl7sKPqXck4-dW2rxBaB
25,Electrical Measurements,Playlist 2,https://www.youtube.com/playlist?list=PLsj38ZX_joTbZVpIt54FSV2dicoau9wIC
25,Electrical Measurements,One shot,https://www.youtube.com/live/5GFSzgwpz0U
25,Electrical Measurements,Practical file,https://drive.google.com/drive/folders/1u6cN0_ujjBN3S2uy723Ih9Kam3_itp-n?usp=sharing
25,Electrical Measurements,Endsem PYQs,https://drive.google.com/drive/folders/1omcqkNKBvlGYEt41XNagM4JJt6EmViJB?usp=sharing
25,Electrical Measurements,Midsem PYQs,https://drive.google.com/drive/folders/1opjrH8x8IEMKYB_G9JiV0-iULVbGF-XX?usp=sharing
26,Electrical Circuits Analysis,Syllabus_ECA,https://drive.google.com/file/d/1_Lu1OPA5MtWoBqdRnUdFQANuh-YrEjFz/view?usp=drive_link
26,Electrical Circuits Analysis,Unit-1,https://drive.google.com/drive/folders/1JhxfVS2HP5SriN6yrGk0ilLuB2fMVUCL?usp=drive_link
26,Electrical Circuits Analysis,Unit-2,https://drive.google.com/drive/folders/1RvXGi0XPLhBPInZRwepZO7MgrmMXkPD4?usp=drive_link
26,Electrical Circuits Analysis,Unit-3,https://drive.google.com/file/d/1njzpaW5Kg1zGwFV8vuq3yka7j_-av4VZ/view?usp=drive_link
26,Electrical Circuits Analysis,Unit-4,https://drive.google.com/file/d/1pjPgGGHzxm_uMDvm5qv4Qh2B9jnLsi4W/view?usp=drive_link
26,Electrical Circuits Analysis,Unit-5,https://drive.google.com/file/d/1GTMQ_x1WQSN6XikdJZNXJe0Mng9L9u5z/view?usp=drive_link
26,Electrical Circuits Analysis,Playlist,https://drive.google.com/drive/folders/1NIk82wkUGbf5fHMzVtwT605NSsQmJkl9?usp=sharing
26,Electrical Circuits Analysis,Prof Notes,https://drive.google.com/drive/folders/1cVVAh1gNncEsJBX_lNg5m7mUc4IPXfwQ?usp=sharing
26,Electrical Circuits Analysis,C.K. Alexander and M.N.O. Sadiku,https://drive.google.com/file/d/1tzah51e7mKOv70EAxcmh3iGKcSDKxzrW/view?usp=sharing
26,Electrical Circuits Analysis,Practical File,https://drive.google.com/file/d/1El_vWkHtDyCfiaDsLRqipDlMwuHcQxXv/view?usp=sharing
26,Electrical Circuits Analysis,Endsem PYQs,https://drive.google.com/drive/folders/1plDdxOLeRayOpcbhR3r-MMHE9E_kf18p?usp=sharing
26,Electrical Circuits Analysis,Midsem PYQs,https://drive.google.com/drive/folders/1pnJKCeAIxAHdntBT5xHXrUKIXXnItS0C?usp=sharing
27,Network Analysis & Synthesis,Syllabus,https://drive.google.com/file/d/1brw2UZMtIMDaBzxO6Oq4kLfkpThbczn6/view?usp=drive_link
27,Network Analysis & Synthesis,Raj Senani Sir’s Notes,https://drive.google.com/file/d/1UUQlXYZ10N-Gu0bZ07UsnLaaoDFeNlmN/view?usp=drive_link
27,Network Analysis & Synthesis,Notes,https://drive.google.com/file/d/1a6oT_Hx0k6MLCHrDOczGSNVI_I5ILJB5/view?usp=drive_link
27,Network Analysis & Synthesis,Playlist-1,https://www.youtube.com/watch?v=gHOA4aJVVoE&list=PLySVDJoIJATfKCZYyBcVZAi_di-K94zG
27,Network Analysis & Synthesis,Playlist-2,https://www.youtube.com/watch?v=tGT9P0IdKJY&list=PLc3zKsWdO93cbo2mzxYz7Vpj9HvEaYT0W
27,Network Analysis & Synthesis,Short Notes,https://drive.google.com/file/d/1nYYk61B2uME8z_A-a0sbDdUVH7jIjbWO/view?usp=drive_link
27,Network Analysis & Synthesis,C.K. Alexander and M.N.O. Sadiku,https://drive.google.com/file/d/1tzah51e7mKOv70EAxcmh3iGKcSDKxzrW/view?usp=sharing
27,Network Analysis & Synthesis,NAS by R.R. Singh,https://drive.google.com/file/d/1xL63PSvtcCSbFedL__KQLCgUpEGcdoG9/view?usp=sharing
27,Network Analysis & Synthesis,Introduction to Electric Circuits,https://drive.google.com/file/d/1hHX-8-AH1JhrdOoYwPlny_4mqOmND0nQ/view?usp=sharing
27,Network Analysis & Synthesis,Endsem PYQs,https://drive.google.com/drive/folders/1pq5Sinv-cPbItQ8i99PxLwBpTYIjBPpr?usp=sharing
27,Network Analysis & Synthesis,Midsem PYQs,https://drive.google.com/drive/folders/1q-MHYQkVxeL3vjCo-L0DDxzXGyCzeHSp?usp=sharing
28,Introduction to ElectroMagnetic,Syllabus,https://drive.google.com/file/d/1_kOraDRo8gHTlY9phjGAMC32VFQT7Rb8/view?usp=drive_link
28,Introduction to ElectroMagnetic,Notes-1,https://drive.google.com/file/d/1a97Yn5DLRfHAHmIppOcBIe98xcgZ6MKi/view?usp=drive_link
28,Introduction to ElectroMagnetic,Notes-2,https://drive.google.com/file/d/1aAvFpKIaZSTOhTKW-tMZ8MUENLSmSFPG/view?usp=drive_link
28,Introduction to ElectroMagnetic,Simplified,https://drive.google.com/file/d/12fssEU0K63V0dulA1vjFha10V7kkwOPL/view?usp=sharing
28,Introduction to ElectroMagnetic,Notes,https://drive.google.com/drive/folders/1YQzIx_AWaYrT4z6bF-fju7U2XrWQGI4w?usp=drive_link
28,Introduction to ElectroMagnetic,Simplified,https://drive.google.com/file/d/17tKRh5bliftAdOncSR4aWUeMd_vPJAXA/view?usp=sharing
28,Introduction to ElectroMagnetic,Basics,https://drive.google.com/file/d/1__o2UxAkF8QqoVLGEOYMX_GQ-vyHKMI0/view?usp=drive_link
28,Introduction to ElectroMagnetic,EM Braking,https://drive.google.com/file/d/1a1-jGeKj77_-3DHZ46SdoBsamCyV_Qs3/view?usp=drive_link
28,Introduction to ElectroMagnetic,Simplified (3 & 4),https://drive.google.com/file/d/1oD-j0xY_l_C5AUiMAsXSe4MbjEuufIXK/view?usp=sharing
28,Introduction to ElectroMagnetic,Complete Notes,https://drive.google.com/file/d/1_Wboa6afBDUiYbvJ-0lnic4ycea-qLFG/view?usp=drive_link
28,Introduction to ElectroMagnetic,Notes,https://drive.google.com/drive/folders/1YKdEAf6s_7R6FId1CUcX1TzaVnmfF4l9?usp=drive_link
28,Introduction to ElectroMagnetic,Complete Notes,https://drive.google.com/file/d/1M7W7tm9HhuJagzy31-gaJPS9oVrrT2ln/view?usp=sharing
28,Introduction to ElectroMagnetic,Notes,https://drive.google.com/file/d/1_gWk88_4VwYVK87uUjpQ0Mf3BhJjdLe7/view?usp=drive_link
28,Introduction to ElectroMagnetic,Simplified,https://drive.google.com/file/d/1K1nGeaevSIpNHkFMyDWvpG-7eUccgyop/view?usp=sharing
28,Introduction to ElectroMagnetic,Short Notes,https://drive.google.com/drive/folders/13jTI11PNpcE4iodFtJzkcNTlsJBV9lr6?usp=sharing
28,Introduction to ElectroMagnetic,ylists: Full Course,https://www.youtube.com/playlist?list=PL_mruqjnuVd87sjSDVS9wuit9CSpgIIfx
28,Introduction to ElectroMagnetic,Full Course-2,https://youtube.com/playlist?list=PLNr6lMkF6EGAjLbtVgdlLZ6oB_nl_qfFW&si=RIWbHKKpnckyXS4K
28,Introduction to ElectroMagnetic,Full Course-,https://youtu.be/vfu_mNbnHGM?list=PLgwJf8NK-2e4I_YltJja47CwZJkzNWK89
28,Introduction to ElectroMagnetic,Other playlists,https://drive.google.com/drive/folders/1xmqmGuIuBJlkd-1j5cIoZm_0ME5L_GfO?usp=sharing
28,Introduction to ElectroMagnetic,Griffiths,https://drive.google.com/file/d/1_ODbQZu0qJbuTObSGkEBAjTpa2z1S5GL/view?usp=drive_link
28,Introduction to ElectroMagnetic,Assignment-1,https://drive.google.com/file/d/1ad76HGNxee6w7X5ukOiT56tLDpeiDtPE/view?usp=drive_link
28,Introduction to ElectroMagnetic,Assignment-1 (solutions),https://drive.google.com/file/d/1aF2HS7zf5k7P_gsZqDNtls8JInBRFl1I/view?usp=drive_link
28,Introduction to ElectroMagnetic,cticals: Practicals,https://drive.google.com/drive/folders/1BoliYGOgVCAvZLQ6h8Elb_u1VpabJJUE?usp=sharing
28,Introduction to ElectroMagnetic,Endsem PYQs,https://drive.google.com/drive/folders/1qIAdRlFTdY2scn4Gq-IKeD3PD1T8tAcm?usp=sharing
28,Introduction to ElectroMagnetic,Midsem PYQs,https://drive.google.com/drive/folders/1qBxWal5AfJExPdh-pJimsGRCB9pqWFjo?usp=sharing
29,Data Structures (CS/IT),Syllabus-CS,https://drive.google.com/file/d/1Rk__U0BH38ifyf3UBGev5IH9PxCFdPC1/view
29,Data Structures (CS/IT),Syllabus - IT,https://drive.google.com/file/d/1fh_YXbEj5EjGluVtYjUDCSBLRRRkFkbF/view
29,Data Structures (CS/IT),Lab Syllabus,https://drive.google.com/file/d/1dAG_X5IstwjeVg0muma-5XU81H0hhFXu/view?usp=drive_link
29,Data Structures (CS/IT),Notes - CS,https://drive.google.com/drive/folders/182YgUQYZcZlnpKV_lyh3GHH9P2Xdnn2E?usp=sharing
29,Data Structures (CS/IT),Practical File,https://drive.google.com/file/d/19EaJuaWLuXuWawM2YKnUHguqFQbZoZ-q/view?usp=sharing
29,Data Structures (CS/IT),Arrays,https://drive.google.com/drive/folders/1DWT2mBDGOZk2SvJgT6oemGXEAsQc5DbN?usp=drive_link
29,Data Structures (CS/IT),Linked Lists,https://drive.google.com/drive/folders/1wG2AX0frmQMKO8cWq6Fx3SyBGI7a0L6z?usp=drive_link
29,Data Structures (CS/IT),Stacks/Queues,https://drive.google.com/drive/folders/1Oy6hxj0opg0Y8FUHwG9jjKzk7pMVrD07?usp=drive_link
29,Data Structures (CS/IT),Trees,https://drive.google.com/drive/folders/13ZE2eoXB5gIlEHr_CKM7hpw8kEYHkLyH?usp=drive_link
29,Data Structures (CS/IT),Graphs,https://drive.google.com/drive/folders/1mc8oSxSv95B1OG4Cc5k9Yxiv6SHEqPOF?usp=drive_link
29,Data Structures (CS/IT),Sorting,https://drive.google.com/drive/folders/1SZouHUwHVu5BM7SYM1Ufh0xDnawFYniy?usp=drive_link
29,Data Structures (CS/IT),Algorithms (U1/U2),https://drive.google.com/file/d/1pQlfoGoH_MjEgcrMeABGkwO89Jha6WUr/view?usp=sharing
29,Data Structures (CS/IT),Endsem PYQ's,https://drive.google.com/drive/folders/1DYWXkCAOYZ0IaKfeCWgnOog_xNk2DeCP?usp=sharing
29,Data Structures (CS/IT),Midsem PYQ's,https://drive.google.com/drive/folders/1DsTxaGL6VmivEkLQLQmgCvHdpEHEbOuM?usp=sharing
29,Data Structures (CS/IT),Intro to Data Structure,https://youtube.com/playlist?list=PLPLmXWcXdkUMleZS9MsJ0VTe5nwM0B2JB&feature=shared
29,Data Structures (CS/IT),Introduction to DS,https://youtube.com/playlist?list=PLqwX6X5EIaDYdSyOxK9IolPLTtbPi8r0t&si=hZ3xkFjh16iAD3s4
29,Data Structures (CS/IT),Linked Lists,https://youtube.com/playlist?list=PLPLmXWcXdkUM47yfykGFEa8h4mQFg99RN&feature=shared
29,Data Structures (CS/IT),Linked Lists,https://youtube.com/playlist?list=PLqwX6X5EIaDYfZHdNGJb3yjL9olyuUZrp&si=krIJScG3UyqngbmZ
29,Data Structures (CS/IT),Trees,https://youtube.com/playlist?list=PLPLmXWcXdkUMCjzZZTUBtvkVRHkA3uZJx&feature=shared
29,Data Structures (CS/IT),Stacks and Queues,https://youtube.com/playlist?list=PLqwX6X5EIaDaPTE7ihXjOCjdnYLdJndOO&si=ajU04ruPI5Ayl_kv
29,Data Structures (CS/IT),Graphs,https://youtube.com/playlist?list=PLPLmXWcXdkUOZSQtrsjm2i4uOzadM6tEH&feature=shared
29,Data Structures (CS/IT),Trees,https://youtube.com/playlist?list=PLqwX6X5EIaDYCKlq5GLe3WhvygYCPKREB&si=w-qFOCW2ViVKgHCs
29,Data Structures (CS/IT),Searching & Sorting,https://youtube.com/playlist?list=PLPLmXWcXdkUPWOkJ9Xf1_CwmNEuLf7SU3&feature=shared
29,Data Structures (CS/IT),Graphs and Sorting,https://youtube.com/playlist?list=PLqwX6X5EIaDaO8Gx1wj1wJBPBq4Fgew4n&si=awBYFItaNQqNzVDZ
30,Surveying,:Syllabus,https://drive.google.com/drive/folders/1S9jMyS-j6U6ARF_i_910GAMpw9Wb_4zj?usp=drive_link
30,Surveying,Notes,https://drive.google.com/file/d/1xOxC5ovelJ4J9tPmUKr8egOglsaJB_Rb/view?usp=drive_link
30,Surveying,Surveying Detailed Notes,https://drive.google.com/file/d/1Cv2UTCGoVD-rnYekiCgmlWp9ilzHs2VN/view?usp=drive_link
30,Surveying,Dr. B.C. Punmia (Vol 1),https://drive.google.com/file/d/1cPujcdeHPTNufbCenKCKrA95dWNH2qg4/view?usp=drive_link
30,Surveying,Dr. B.C. Punima (Vol 2),https://drive.google.com/file/d/12bh5kxQvNwtRaVyybTzM9ktfGVM8Y_j-/view?usp=drive_link
30,Surveying,Unit-1,https://drive.google.com/drive/folders/16gr-VLS92f18v0grtvbXMBrFK85uvCmX?usp=drive_link
30,Surveying,Unit-1,https://drive.google.com/file/d/1tzBV3PsQQjTAdSLeHyKmWT4jpVXsKy1r/view?usp=drive_link
30,Surveying,Unit-2,https://drive.google.com/drive/folders/1Vz9V1S-jFeeRlXvC9UOm_0yPS97YlbiA?usp=drive_link
30,Surveying,Unit-2,https://drive.google.com/file/d/1tzBV3PsQQjTAdSLeHyKmWT4jpVXsKy1r/view?usp=drive_link
30,Surveying,Unit-3,https://drive.google.com/drive/folders/1vwGYZiJcjDnaiFYm7WFXr6FGqIVjTJHM?usp=drive_link
30,Surveying,Unit-3,https://drive.google.com/file/d/1flaAYMhjc4NC8xnXwqx0LJPUBAWQzYg7/view?usp=drive_link
30,Surveying,Unit-4,https://drive.google.com/drive/folders/1wjPAfQZ1wLedCj35aUmXp5baO-ldCHaJ?usp=drive_link
30,Surveying,Unit-4,https://drive.google.com/file/d/1FxkdNd-4PjrGb9WPAWEPT5BLwMApMsiZ/view?usp=drive_link
30,Surveying,Unit-5,https://drive.google.com/drive/folders/1-zMgXskK8kx9_wP7C9fUjEH5J-_uSp58?usp=drive_link
30,Surveying,Unit-5,https://drive.google.com/file/d/1c6QskAKm2iTe8u7FWI9Hfu11U35Qf3NH/view?usp=drive_link
30,Surveying,Part-1,https://drive.google.com/file/d/1qm1PGgCWN_XMDtPYpMeP21VWumMrkT8g/view?usp=drive_link
30,Surveying,Part-2,https://drive.google.com/file/d/1hWHwaj2JfBnDPbKlCe96qWVvqGYaSCkr/view?usp=drive_link
30,Surveying,Endsems PYQs,https://drive.google.com/drive/folders/1qj4x-Vdnfc_dfes3qgY6zoajhWXwUgnf?usp=sharing
30,Surveying,Midsem PYQs,https://drive.google.com/drive/folders/1qYRdVvOjiJQ3bIKxqdNQZU2-ngjn92yY?usp=sharing
31,EG-CAD,Syllabus,https://drive.google.com/file/d/10vVgrzzl0FOpGEcupqZmvNTN0U5v52Df/view?usp=drive_link
31,EG-CAD,"Cycloidal curves (Cycloid, Epicycloid, Hypocycloid)",https://www.youtube.com/playlist?list=PLIhUrsYr8yHwwA8eBea78pJW1lw9XAv6z
31,EG-CAD,Projection of points,https://www.youtube.com/playlist?list=PLIhUrsYr8yHxEk_Jv8yOatn3Dcr6KYK3j
31,EG-CAD,Projection of lines,https://www.youtube.com/playlist?list=PLIhUrsYr8yHz_FkG5tGWXaNbIxVcibQvV
31,EG-CAD,Projection of planes,https://www.youtube.com/playlist?list=PLIhUrsYr8yHx7TVB51jN3HZVyW3R6RiBg
31,EG-CAD,Projection of Solids,https://www.youtube.com/playlist?list=PLIhUrsYr8yHxARPzEFz1nXgt8j6xF_tEm
31,EG-CAD,Development of surfaces of right regular solids,https://www.youtube.com/playlist?list=PLIhUrsYr8yHwdB96ft6c0Uwc4SDCLuG1v
31,EG-CAD,Isometric Projections,https://www.youtube.com/playlist?list=PLIhUrsYr8yHxVky7bfrnbRcdXcHjT_K83
31,EG-CAD,Civil Drawing,https://drive.google.com/file/d/15Vw_85W8vjLTqG3wjn6eCXyL683JZ-gU/view?usp=drive_link
31,EG-CAD,N.D Bhatt (Engineering Drawing),https://drive.google.com/file/d/1kxWGDo_B5HbA5_Uf1iZPfREF5FV5TJqS/view?usp=drive_link
31,EG-CAD,Endsems PYQs,https://drive.google.com/drive/folders/1qvycJ6G-aJowJ_SNr5-QO1JptR1W-f3V?usp=sharing
31,EG-CAD,Midsems PYQs,https://drive.google.com/drive/folders/1qwMB6mRRoKP4kFZRpvLSFryjKKop6cyV?usp=sharing
32,Physics Of Materials,POM_Syllabus,https://drive.google.com/file/d/11VB4nzothTzNIXxOm7V1m2KkMn18YVKz/view?usp=drive_link
32,Physics Of Materials,Properties of Solids,https://docs.google.com/document/d/1X3w_NTEdjcoX3z4JKC8HZEmXYZxU-brg/edit?usp=drive_link&ouid=114347310509330026772&rtpof=true&sd=true
32,Physics Of Materials,Imperfections in Solids,https://docs.google.com/presentation/d/1pvruWFBdxIHali25i4-PwMZz8zL4ypWL/edit?usp=drive_link&ouid=114347310509330026772&rtpof=true&sd=true
32,Physics Of Materials,Crystal Structure,https://drive.google.com/file/d/14PCSPNAuTs91o8CMvPBkJBMjw_yjbutt/view?usp=drive_link
32,Physics Of Materials,Defects,https://drive.google.com/file/d/1Rcgfcvq0QhGDYy2UfFxN4l8CpqpU7647/view?usp=drive_link
32,Physics Of Materials,Quantum Mechanics (Part-1),https://docs.google.com/presentation/d/1Cg9RsnLa9v_VQzeAHs_FHHN6wqMyJqkN/edit?usp=drive_link&ouid=114347310509330026772&rtpof=true&sd=true
32,Physics Of Materials,Quantum Mechanics (Part-2),https://docs.google.com/presentation/d/1uv43sraNCed5WL_ixgZHgsYlUjQV5o15/edit?usp=drive_link&ouid=114347310509330026772&rtpof=true&sd=true
32,Physics Of Materials,Quantum Mechanics (Wave Particle Duality),https://docs.google.com/presentation/d/1nBYRJivaIv8GriBLfD1rNqRxtsZvIjYL/edit?usp=drive_link&ouid=114347310509330026772&rtpof=true&sd=true
32,Physics Of Materials,Dielectric Materials,https://drive.google.com/file/d/10ZMBxrE-wkd_77ZFTolszzPtKv5m-XIi/view?usp=drive_link
32,Physics Of Materials,Magnetic Materials,https://docs.google.com/presentation/d/1Qn-IIHM46ljLYJegcJDSds_G2Wlro3jy/edit?usp=drive_link&ouid=114347310509330026772&rtpof=true&sd=true
32,Physics Of Materials,Superconductivity,https://drive.google.com/file/d/1povrwZlcRmvSDmGPVij1XF-KJTDgWMTe/view?usp=drive_link
32,Physics Of Materials,Endsem PYQs,https://drive.google.com/drive/folders/1rHpHjG9OfMm4-GcD9AzGtPDxH4QLMTnM?usp=sharing
32,Physics Of Materials,Midsem PYQs,https://drive.google.com/drive/folders/1rKkdbVuPzKBmhWOchbaIYDmSwev-6dFi?usp=sharing
33,Advance Chemistry,Syllabus_Advance Chemistry,https://drive.google.com/file/d/1QHByxK_XrQWSdzlN-c1xy0xvbHUkMA32/view?usp=drive_link
33,Advance Chemistry,Reactive Intermediates,https://drive.google.com/file/d/1iHg2FZnmKKwl54Dt6Jqcy5o2KsjT181S/view?usp=drive_link
33,Advance Chemistry,Substitution Reaction (Part-1),https://drive.google.com/file/d/1h6-1YzIHdV2yxwWKaTMIlauk5ea9qAbg/view?usp=drive_link
33,Advance Chemistry,Substitution Reaction (Part-2),https://drive.google.com/file/d/19Z747uR3FNhGgdFVGyHkzEzp4_45CbRZ/view?usp=drive_link
33,Advance Chemistry,Substitution Reaction (Part-3),https://drive.google.com/file/d/1_1HeKFKjTwDfAM0VupbZIEM59HQbrDAM/view?usp=drive_link
33,Advance Chemistry,Stereo-fischer projection,https://drive.google.com/file/d/1fQLDuoVxE9nXH-nj3izz__arEqCiibz2/view?usp=sharing
33,Advance Chemistry,RS Nomenclature,https://drive.google.com/file/d/1Br1IWHaTInfuhkrGtCCkypxPxwO8TQFY/view?usp=sharing
33,Advance Chemistry,DL Nomenclature,https://drive.google.com/file/d/1FxV97R74qTfhf6HtCS2nWnvjH4szeRWM/view?usp=sharing
33,Advance Chemistry,Coordination Compounds,https://drive.google.com/file/d/1RuJm5dJ7cmc449Yg3Wc_eDtYoaVpYcxs/view?usp=sharing
33,Advance Chemistry,Acid Base,https://drive.google.com/file/d/1qYNroDpAooYfBG6qS9R9Bbff-rxjRZuj/view?usp=sharing
33,Advance Chemistry,A concise textbook of organic chemistry,https://drive.google.com/file/d/1GH_--uWWV2gV6fNcN2Al-0Njj9Wn8w19/view?usp=sharing
33,Advance Chemistry,Proff Notes,https://drive.google.com/drive/folders/10qaGBClg2HH0VI3mlabgzSz30EtqFQuy?usp=sharing
33,Advance Chemistry,Endsem PYQs,https://drive.google.com/drive/folders/1rN1CXNzSwRIYMuJOrM4jACMtG_4W5TiI?usp=sharing
33,Advance Chemistry,Midsem PYQs,https://drive.google.com/drive/folders/1rQTGpXXVEQ3hlF3vtpNfk8IsH_oJ3zPN?usp=sharing
34,Introduction To Biotechnology,Syllabus,https://docs.google.com/document/d/1KnB2Q_x2JdzMzt6XfLXOGCjuL7FSbzra/edit?usp=drive_link&ouid=114347310509330026772&rtpof=true&sd=true
34,Introduction To Biotechnology,Biomolecules,https://drive.google.com/drive/folders/1Ff3JOtzMQxJl7o-_HjUUeIYjQ2Gpye8u?usp=sharing
34,Introduction To Biotechnology,Water,https://drive.google.com/drive/folders/10SIxhWiQKYMaqF1ottKlYBfT3Uj7OWEL?usp=sharing
34,Introduction To Biotechnology,Protein,https://drive.google.com/drive/folders/1Su37MmFSSO4Rle_rD0QP84fr88kYupEZ?usp=sharing
34,Introduction To Biotechnology,Biotechnology,https://drive.google.com/file/d/1onrRH2dvUONS5OilkKy3AtoDVPC1e725/view?usp=sharing
34,Introduction To Biotechnology,Applications,https://drive.google.com/file/d/1ptcXMRdQGLMS-6rsfa3vGlfCrMLCPSBV/view?usp=sharing
34,Introduction To Biotechnology,Complete Notes/Books,https://drive.google.com/drive/folders/11w0dGEQuXJmZ-o_MTVqP3q4tYsFoT1a_?usp=sharing
34,Introduction To Biotechnology,Endsem PYQs,https://drive.google.com/drive/folders/1rWVOcbSopivHofCVj6kmJ7IxCCo0SRcK?usp=sharing
34,Introduction To Biotechnology,Midsem PYQs,https://drive.google.com/drive/folders/1r_U5U3IR0zGGVP2BQUjI2CcbOlKcFimN?usp=sharing
35,Strength Of Materials,Syllabus,https://drive.google.com/file/d/1Q84G3Q1-pcBxSO9OKdETIMYfohBxSGhv/view?usp=sharing
35,Strength Of Materials,RK Bansal,https://drive.google.com/file/d/12TUbTEgrlwbZ21ocV65vrP2YBzv8gxec/view?usp=drive_link
35,Strength Of Materials,Gear Institute,https://www.youtube.com/%40gear.institute/videos
35,Strength Of Materials,Endsem PYQs,https://drive.google.com/drive/folders/1ratNxmn1ewSD-gqz_N0y6lLhoss2puD2?usp=sharing
35,Strength Of Materials,Midsem PYQs,https://drive.google.com/drive/folders/1rbNVhULBGxC6xwsHj57SDrUOtYZM_eq2?usp=sharing
36,Engineering Materials & Metallurgy,Syllabus,https://drive.google.com/file/d/1PqoxjF3prt4UXswsjiL6qa9D9Cpq8Tcm/view?usp=sharing
36,Engineering Materials & Metallurgy,Introduction to Materials,https://drive.google.com/drive/folders/1NSBw6aY-EhMeTnlxJzFq-iuzHruUGrJO?usp=drive_link
36,Engineering Materials & Metallurgy,Mechanical properties and testing,https://drive.google.com/drive/folders/1lFKdqyBAuD9uOHamIO-FOBQ2FL_Y4x_6?usp=drive_link
36,Engineering Materials & Metallurgy,Phase Diagram and Equilibrium Diagram,https://drive.google.com/drive/folders/1fBN6BJuXYCjAw9DsrIPLbR2btnZdo6hn?usp=drive_link
36,Engineering Materials & Metallurgy,Heat Treatment,https://drive.google.com/drive/folders/1Vj1O-_AZrmaWweJRi9OqhxAPCYSCAOjo?usp=drive_link
36,Engineering Materials & Metallurgy,Composites,https://drive.google.com/drive/folders/1bYcY5vUMkahXOly9tdihvF0MpGCb1hii?usp=drive_link
36,Engineering Materials & Metallurgy,Unit 1,https://www.youtube.com/playlist?list=PLgqbAdiC9AoptDXh-OKZZMCQONZXzPKfn
36,Engineering Materials & Metallurgy,Unit 2,https://www.youtube.com/playlist?list=PLgqbAdiC9AorvPoqO5LxPtjWQNxKpUge_
36,Engineering Materials & Metallurgy,Unit 3(1),https://www.youtube.com/playlist?list=PLfIFNJ1DPG4lENg4VUTWyKxxB911aHuJz
36,Engineering Materials & Metallurgy,Unit 3(2),https://www.youtube.com/playlist?list=PLgqbAdiC9Aop2D99kR3034PsjttaeZ_eQ
36,Engineering Materials & Metallurgy,Unit 4,https://www.youtube.com/playlist?list=PLgqbAdiC9AooF-gJ4ow9ZuweK92KIqkgG
36,Engineering Materials & Metallurgy,Unit 5,https://www.youtube.com/playlist?list=PLgqbAdiC9Aop-PumL_f7b4XbNdQMi7C2a
36,Engineering Materials & Metallurgy,Callister,https://drive.google.com/file/d/166-T-YdjIBCZyksqNL1rqdN9HKDzZY9j/view?usp=sharing
36,Engineering Materials & Metallurgy,V Raghavan,https://drive.google.com/file/d/19tfox5psozKQsgPSIYGbIJ9rz5UENC9s/view?usp=sharing
36,Engineering Materials & Metallurgy,The Matter of Everything,https://drive.google.com/file/d/1ClKN8J5VS67gjUPEeM4p05Pj8d9OI054/view?usp=sharing
36,Engineering Materials & Metallurgy,Endsem PYQs,https://drive.google.com/drive/folders/1rhNqm9ZLF6MHUIBIu2dTbEE8c52GpZqP?usp=sharing
36,Engineering Materials & Metallurgy,Midsem PYQs,https://drive.google.com/drive/folders/1ri33mHeoJ9CfamNiiiWFYdu1mx2UembP?usp=sharing
37,Thermal Engineering,Syllabus,https://docs.google.com/document/d/1xsTOpma9rAvCHsUDF4aK0Aoe1pOTn_bz/edit?usp=drive_link&ouid=114347310509330026772&rtpof=true&sd=true
37,Thermal Engineering,Lecture Notes,https://drive.google.com/drive/folders/1VRDYYCdWhv9R_khUylZQpmpwyQyyNcXd?usp=drive_link
37,Thermal Engineering,Introduction to Internal Combustion (IC) Engines,https://drive.google.com/drive/folders/1DtLYo45JvbTnLogW9tcuL0Fs3Kw3UODh?usp=drive_link
37,Thermal Engineering,DS Kumar Entropy,https://drive.google.com/file/d/1G7xB8j8Q7jKapD19YJxwYXG_Q01Zcq6t/view?usp=drive_link
37,Thermal Engineering,DS Kumar 2nd Law of Thermodynamics,https://drive.google.com/file/d/19halqWnmWrWY5IUuRS_EaZY6awJ8cYJU/view?usp=drive_link
37,Thermal Engineering,Unit 1,https://youtube.com/playlist?list=PLjt13UAsHeP9V15tpGUfXD_Un0hox8hTz&fe%20ature=shared
37,Thermal Engineering,Unit 2,https://youtube.com/playlist?list=PLjt13UAsHeP8lkIwSVdQe22nEs-7FXUxu&fea%20ture=shared
37,Thermal Engineering,Unit 3,https://youtube.com/playlist?list=PLjt13UAsHeP9gRaJqcl-5QfmDvCcyQk0l&fea%20ture=shared
37,Thermal Engineering,Unit 4,https://youtube.com/playlist?list=PLjt13UAsHeP_rO96J5JEv1_FDds7mCo3K&fea%20ture=shared
37,Thermal Engineering,Unit 5,https://youtube.com/playlist?list=PLKU12imRUiIbCk_igKZqPXkdmYX815N-w&f%20eature=shared
37,Thermal Engineering,Endsem PYQs,https://drive.google.com/drive/folders/1rn9rkQkScbeqocHzxFdBTpo7pBy5g_ih?usp=sharing
37,Thermal Engineering,Midsem PYQs,https://drive.google.com/drive/folders/1rqN4-Xk_PD94FQsOqkDaInKxuc_r7xJa?usp=sharing
38,Basic Fluid Mechanics,Syllabus_Basic Fluid Mechanics,https://drive.google.com/file/d/1XFfUS-6VLYjzRoXA7Id5T2EKNkzTkOdP/view?usp=drive_link
38,Basic Fluid Mechanics,Fluid Kinetics and Dynamics,https://drive.google.com/file/d/15DIG2zWUpbXrR1cYDyyr-xOulUUxHpfr/view?usp=drive_link
38,Basic Fluid Mechanics,Fluid Machines,https://drive.google.com/file/d/1-0AZRaNyRBkc_koNDr9nxOGnygL1MLSB/view?usp=drive_link
38,Basic Fluid Mechanics,Power,https://drive.google.com/file/d/18gR0L3-U514eamEui6LU840Woe_LfHKb/view?usp=drive_link
38,Basic Fluid Mechanics,Hydraulics,https://drive.google.com/file/d/18gR0L3-U514eamEui6LU840Woe_LfHKb/view?usp=drive_link
38,Basic Fluid Mechanics,"Unit-1,2,3",https://www.youtube.com/playlist?list=PL9RcWoqXmzaLnlGN39w2-1jyFyI_ALVa3
38,Basic Fluid Mechanics,Unit-4(1),https://www.youtube.com/playlist?list=PL727BYvm8B1mINwfNNRyd1iDWmImB_Xdz
38,Basic Fluid Mechanics,Unit-4(2),https://www.youtube.com/playlist?list=PLfkr9NYCSyHynQwK5i45R7aE715gIN__d
38,Basic Fluid Mechanics,Unit-5,https://www.youtube.com/playlist?list=PLdoIhVhbPQV7shKkwhW_vwPumHmJ6fLzm
38,Basic Fluid Mechanics,Endsem PYQs,https://drive.google.com/drive/folders/1rxkU4aUnFI0vqEdzzeUxZ0eVjdZApHNw?usp=sharing
38,Basic Fluid Mechanics,Midsem PYQs,https://drive.google.com/drive/folders/1s92Bf9NQLlwnpQhCBzpVeAbhs1Hd1hSa?usp=sharing
39,Applied Physics,Syllabus,https://drive.google.com/file/d/1gfLD3UqbMuVJ-4G4DRpPgPxP8hCNYFy_/view?usp=sharing
39,Applied Physics,Semiconductors,https://drive.google.com/file/d/1ShcAMFxXlyzc8Z31GHiLjH64Bnm9HkUo/view?usp=drive_link
39,Applied Physics,Introduction to Nanophysics,https://drive.google.com/file/d/1JlqrvendR6dBgT73KZH7yo-YZ1Rniumv/view?usp=drive_link
39,Applied Physics,Applied Physics complete notes,https://drive.google.com/file/d/1161irlmALckDVLO9alIecSCy0uBEBTvo/view?usp=drive_link
39,Applied Physics,Griffiths,https://drive.google.com/file/d/1_ODbQZu0qJbuTObSGkEBAjTpa2z1S5GL/view?usp=drive_link
39,Applied Physics,Unit 1,https://www.youtube.com/playlist?list=PLdxkCJfNemiPi7trjybclrjPYi8gxlGKT
39,Applied Physics,Unit 2,https://www.youtube.com/playlist?list=PLo0z5T1-vb4zs-64GO2OpFKpuxXPNq6ID
39,Applied Physics,Unit 3,https://www.youtube.com/playlist?list=PLpAS0uDkUOp8zJFWCFtgoFmZ77CHpsuVP
39,Applied Physics,Unit 4,https://www.youtube.com/playlist?list=PLaKuhNGl3vKkI89EC1iubyVZwKfoUgSWx
39,Applied Physics,Unit 5,https://www.youtube.com/watch?v=0EWCqCIsFOA
39,Applied Physics,Quick Notes,https://drive.google.com/file/d/173PdsRknKGrlHLeb_Vow5tovYtsBc8ae/view?usp=sharing
39,Applied Physics,Endsem PYQs,https://drive.google.com/drive/folders/1sOB9AKdIZiXTnDOQ_F9p2ZbT81s3mT3I?usp=sharing
39,Applied Physics,Midsem PYQs,https://drive.google.com/drive/folders/1sP4tc-JMmYpkAW8X5SAefK6MBww0EThg?usp=sharing
40,Design Thinking,Short Notes,https://drive.google.com/file/d/16Fr-VTAXujnqX7GW-AXZD3dpv7qbi8zJ/view?usp=drive_link
41,Basics of ECE,Syllabus,https://drive.google.com/file/d/1T5z6zOXuCU7GIxMYV7D0qpbkfHlfq2xQ/view
41,Basics of ECE,Lecture notes​,https://drive.google.com/file/d/1aXvugebVEEkfOl4GcnYEoRehD_F527gJ/view?usp=drive_link
41,Basics of ECE,Handwritten notes,https://drive.google.com/file/d/1my_HX15biFlBhluGjxJij0iIlOZI2uuU/view?usp=drive_link
41,Basics of ECE,Lecture notes,https://drive.google.com/drive/folders/1D8pAaw5qL3oVBxQfdktDOVI_co17Cb8D?usp=drive_link
41,Basics of ECE,Handwritten notes,https://drive.google.com/file/d/1gdCc1SrnfcUlZP6ZYWVamEN-vih0xLhi/view?usp=drive_link
41,Basics of ECE,Part wise,https://drive.google.com/drive/folders/1VZbFRuDUie4yhOHxIEHQ2U8oSJFWFHc7?usp=drive_link
41,Basics of ECE,one shot,https://drive.google.com/file/d/1EshI0OFXyVsFMfhRBl7I1LLKdBxY-lAE/view?usp=drive_link
41,Basics of ECE,Lecture notes,https://drive.google.com/drive/folders/1kaVBU5IoPWBOBRDFXjAg8vkOK8njgGt3?usp=drive_link
41,Basics of ECE,one shot,https://drive.google.com/file/d/117-IUaG-06SjKiDFTxjedTsnN7DulLC6/view?usp=drive_link
41,Basics of ECE,Notes,https://drive.google.com/drive/folders/1Lre2qT1KU9rxuGbb95eQQL5PzYTCynJo?usp=drive_link
41,Basics of ECE,Boylestad,https://drive.google.com/file/d/1T1xl9jzhaebQZdjNLKTXbdzj32ma4BZv/view?usp=drive_link
41,Basics of ECE,Signals and Systems,https://youtube.com/playlist?list=PLBlnK6fEyqRhG6s3jYIU48CqsT5cyiDTO&feature=shared
41,Basics of ECE,Diodes,https://youtube.com/playlist?list=PLPLmXWcXdkUOJRfQWawWITPJEU7rS8cy6&feature=shared
41,Basics of ECE,BJT,https://youtube.com/playlist?list=PLPLmXWcXdkUNRJYeeVxZCAAHpl1BR5ZIX&feature=shared
41,Basics of ECE,MOSFET,https://youtube.com/playlist?list=PLPLmXWcXdkUPuVlVXDl1GukEu_wIihWWQ&feature=shared
41,Basics of ECE,Op Amp,https://youtube.com/playlist?list=PLPLmXWcXdkUOB6rgUtwTpVDd4bG6k6kjU&feature=shared
41,Basics of ECE,Midsem PYQs,https://drive.google.com/drive/folders/1_7hX80s79NzmjXonU7ux2GlUKOxKnH88?usp=drive_link
41,Basics of ECE,Endsem PYQs,https://drive.google.com/drive/folders/1ywGm9O2XSPxKbVsjn4KswLzE1aObBDmT?usp=drive_link
41,Basics of ECE,Practical File,https://drive.google.com/file/d/1yKJa7xU1Gt6NhSTVc3GyVkU3qWm_IzK5/view?usp=sharing
42,Engineering and Machine Drawing,Syllabus,https://drive.google.com/file/d/1UcVXHJrlC7s-LYybfhS4G1UgXtIT7pob/view?usp=sharing
42,Engineering and Machine Drawing,Playlist,https://docs.google.com/document/d/1YcBhfMNa2ByG9WN92GRBAyocvlMe72sA/edit?usp=sharing&ouid=104916336789093433049&rtpof=true&sd=true
42,Engineering and Machine Drawing,Prof Notes,https://drive.google.com/drive/folders/1kJlv1UeyKGaWUnUH4963GBY2y7UcYo4C?usp=sharing
42,Engineering and Machine Drawing,Sheets,https://drive.google.com/drive/folders/1knY6aakWCVR7NzWqXdsPYAZ5zVsZ8zxG?usp=sharing
42,Engineering and Machine Drawing,Endsem PYQ's,https://drive.google.com/drive/folders/1-rN59TbIbJq3InJQCG4m9Sp08EdqMy7F?usp=sharing
43,Feedback & Suggestions,Submit Here,https://docs.google.com/forms/d/1QvbBEMNGLFSwCXgvoQGPsLhOP8eh66JP91fumbgbzFg/edit
43,Feedback & Suggestions,GYANSUTRA WhatsApp community,https://chat.whatsapp.com/CKEsP97dbIC3yHfEFZSRTK
